dagi_id,kode,navn,ændret,geo_ændret,geo_version,bbox_xmin,bbox_ymin,bbox_xmax,bbox_ymax,visueltcenter_x,visueltcenter_y
107307,7002,Helligånds,2023-11-02T22:05:36.260Z,2023-11-02T22:05:36.260Z,6,12.56342763,55.66719221,12.58534207,55.68333631,12.57165114,55.67358892
107329,7003,Trinitatis,2023-03-24T22:28:38.837Z,2023-03-24T22:28:38.837Z,3,12.56569348,55.67963777,12.58406222,55.68922793,12.57598886,55.68443181
107080,7011,Betlehems,2023-03-24T22:28:38.837Z,2023-03-24T22:28:38.837Z,3,12.55293701,55.68134175,12.56002745,55.68634064,12.55723993,55.68400855
107330,7024,Valby,2024-05-24T21:01:20.688Z,2024-05-24T21:01:20.688Z,12,12.5075035,55.66030426,12.5359619,55.66958515,12.52025197,55.66452683
107328,7026,Timotheus,2024-05-24T21:01:20.688Z,2024-05-24T21:01:20.688Z,9,12.47786399,55.65896214,12.51653199,55.67053033,12.50131566,55.66514873
107332,7027,Vigerslev,2025-02-06T22:02:28.938Z,2025-02-06T22:02:28.938Z,9,12.47668307,55.65145599,12.50238555,55.66405489,12.486723,55.65837756
107335,7028,Aalholm,2023-03-24T22:28:38.837Z,2023-03-24T22:28:38.837Z,4,12.47381618,55.66404864,12.49703574,55.67954213,12.48611957,55.66889504
107308,7036,Holmens,2023-03-24T22:28:38.837Z,2023-03-24T22:28:38.837Z,5,12.57568124,55.67188618,12.59411475,55.68178483,12.58651346,55.67823102
107303,7037,Garnisons,2023-03-24T22:28:38.837Z,2023-03-24T22:28:38.837Z,3,12.58059022,55.67891678,12.59942262,55.68879952,12.5910492,55.68183519
107300,7038,Frederiks,2023-03-24T22:28:38.837Z,2023-03-24T22:28:38.837Z,3,12.58261131,55.68304811,12.59277196,55.68790811,12.58810522,55.68487924
107321,7039,Sankt Pauls,2023-03-24T22:28:38.837Z,2023-03-24T22:28:38.837Z,3,12.57851318,55.68552012,12.59341977,55.69247377,12.58527919,55.6882653
107055,7040,Østervold,2023-03-24T22:28:38.837Z,2023-03-24T22:28:38.837Z,3,12.56813964,55.68691312,12.58795799,55.69818505,12.57808299,55.69223117
107038,7041,Kastels,2023-03-24T22:28:38.837Z,2023-03-24T22:28:38.837Z,3,12.57939879,55.68505772,12.66832243,55.72411897,12.58970306,55.69522817
107045,7043,Rosenvængets,2024-11-08T22:02:16.233Z,2024-11-08T22:02:16.233Z,4,12.57713568,55.69600033,12.59085031,55.70607771,12.58425859,55.70017762
107047,7044,Sankt Jakobs,2024-11-08T22:02:16.233Z,2024-11-08T22:02:16.233Z,5,12.56263955,55.69927622,12.58182187,55.71233985,12.57232155,55.7058522
106720,7046,Hans Egedes,2023-03-24T22:28:38.837Z,2023-03-24T22:28:38.837Z,8,12.58097404,55.70048207,12.64009534,55.72657663,12.61631207,55.71669179
106705,7050,Anna,2023-03-24T22:28:38.837Z,2023-03-24T22:28:38.837Z,4,12.53665192,55.68754609,12.54749904,55.69545107,12.54088869,55.69014979
107049,7051,Sankt Stefans,2023-03-24T22:28:38.837Z,2023-03-24T22:28:38.837Z,4,12.53439583,55.68997104,12.54915278,55.70135837,12.5423001,55.69761375
107040,7053,Kingo-Samuel,2024-11-05T22:03:46.545Z,2024-11-05T22:03:46.545Z,6,12.53716431,55.69426481,12.55901568,55.70988386,12.5469719,55.70414645
106684,7054,Aldersro,2023-03-24T22:28:38.837Z,2023-03-24T22:28:38.837Z,7,12.54705143,55.69652551,12.56417932,55.71574501,12.55616692,55.70881928
107039,7055,Kildevælds,2023-03-24T22:28:38.837Z,2023-03-24T22:28:38.837Z,5,12.55867641,55.70630852,12.57707228,55.7171793,12.56447713,55.71263308
107051,7056,Sions,2023-08-21T21:01:57.382Z,2023-08-21T21:01:57.382Z,7,12.5573171,55.70888332,12.59389495,55.73289671,12.57072419,55.72090075
107309,7057,Hyltebjerg,2026-01-30T22:17:15.683Z,2026-01-30T22:17:15.683Z,6,12.46447909,55.67199328,12.49865215,55.6914645,12.47948896,55.6799033
107331,7058,Vanløse,2026-02-09T22:10:04.314Z,2026-02-09T22:10:04.314Z,9,12.46234003,55.68376814,12.4951147,55.70080744,12.47793505,55.69236243
106683,7059,Advents,2026-01-30T22:17:15.683Z,2026-01-30T22:17:15.683Z,7,12.48647186,55.68503643,12.5163158,55.69831589,12.49767316,55.69075225
106717,7060,Grøndal,2023-03-24T22:28:38.837Z,2023-03-24T22:28:38.837Z,3,12.49929534,55.68833422,12.52769549,55.70066089,12.51279561,55.69483688
106707,7061,Ansgarkirkens,2023-03-24T22:28:38.837Z,2023-03-24T22:28:38.837Z,3,12.51581033,55.69532685,12.53617793,55.70626605,12.52375119,55.70023614
107037,7062,Kapernaums,2023-03-24T22:28:38.837Z,2023-03-24T22:28:38.837Z,4,12.52118613,55.69732868,12.53994261,55.70864549,12.5335285,55.70237634
107052,7063,Tagensbo,2024-11-05T22:03:46.545Z,2024-11-05T22:03:46.545Z,5,12.52368966,55.7040142,12.54216934,55.71076092,12.53556201,55.70757432
106710,7064,Bispebjerg,2024-11-05T22:03:46.545Z,2024-11-05T22:03:46.545Z,5,12.51574694,55.70664901,12.54767671,55.7209977,12.53469234,55.71526095
106714,7065,Emdrup,2026-02-26T22:13:10.911Z,2026-02-26T22:13:10.911Z,5,12.51287363,55.71632173,12.54269063,55.72807741,12.52316992,55.72299075
107041,7066,Lundehus,2026-02-26T22:13:10.911Z,2026-02-26T22:13:10.911Z,6,12.53734489,55.70778526,12.56384364,55.72628763,12.55091684,55.71907789
107035,7067,Husum,2026-02-26T22:13:10.911Z,2026-02-26T22:13:10.911Z,6,12.45421809,55.69732639,12.49151603,55.71232094,12.47367913,55.70486334
106712,7068,Brønshøj,2023-03-24T22:28:38.837Z,2023-03-24T22:28:38.837Z,5,12.48421495,55.69655627,12.50905709,55.71691234,12.49523054,55.70191493
107036,7070,Husumvold,2023-03-24T22:28:38.837Z,2023-03-24T22:28:38.837Z,4,12.45247841,55.70499182,12.50111895,55.72019941,12.46463262,55.71375958
136504,7081,Christians,2023-03-24T22:28:38.837Z,2023-03-24T22:28:38.837Z,4,12.5792635,55.6633534,12.600609,55.67480166,12.59148279,55.6697163
107333,7082,Vor Frelsers,2023-03-24T22:28:38.837Z,2023-03-24T22:28:38.837Z,5,12.58697812,55.66087013,12.73434461,55.70845237,12.61596036,55.674069
107317,7083,Nathanaels,2020-05-19T21:17:26.374Z,2020-05-19T21:17:26.374Z,5,12.59411037,55.66132097,12.61232122,55.66749656,12.59866019,55.66348509
107327,7084,Sundby,2023-03-24T22:28:38.837Z,2023-03-24T22:28:38.837Z,10,12.58164594,55.64006343,12.61487046,55.66784178,12.59406518,55.6590939
107075,7085,Allehelgens,2023-03-24T22:28:38.837Z,2023-03-24T22:28:38.837Z,3,12.60990621,55.65986009,12.63621924,55.67116494,12.62356158,55.66541044
107298,7086,Filips,2023-03-24T22:28:38.837Z,2023-03-24T22:28:38.837Z,3,12.6075325,55.65097994,12.62554672,55.66126177,12.61633923,55.65523247
117407,7087,Sundkirkens,2023-03-24T22:28:38.837Z,2023-03-24T22:28:38.837Z,3,12.61666528,55.64486422,12.64322612,55.66386239,12.62876911,55.65760029
107310,7088,Højdevang,2023-03-24T22:28:38.837Z,2023-03-24T22:28:38.837Z,4,12.59421244,55.63749526,12.6189897,55.65849513,12.60674414,55.64397807
117406,7089,Simon Peters,2023-03-24T22:28:38.837Z,2023-03-24T22:28:38.837Z,4,12.61106825,55.63841606,12.65303903,55.66628498,12.62209287,55.64766886
107326,7090,Solvang,2023-03-24T22:28:38.837Z,2023-03-24T22:28:38.837Z,4,12.57932553,55.61774751,12.60317356,55.66275598,12.59160751,55.64349475
107318,7102,Sankt Lukas,2023-03-24T22:28:38.837Z,2023-03-24T22:28:38.837Z,3,12.52857038,55.68101219,12.539378,55.68699708,12.53403463,55.68407538
107325,7103,Solbjerg,2023-04-27T21:03:45.930Z,2023-04-27T21:03:45.930Z,5,12.51095551,55.67413965,12.54399425,55.68299828,12.53886749,55.67937118
107314,7104,Lindevang,2023-03-24T22:28:38.837Z,2023-03-24T22:28:38.837Z,5,12.49668216,55.67158956,12.52290678,55.68634333,12.50917598,55.68035916
107299,7105,Flintholm,2023-03-24T22:28:38.837Z,2023-03-24T22:28:38.837Z,4,12.49042593,55.66861576,12.5089346,55.6854262,12.49859691,55.67509938
107323,7106,Sankt Thomas,2023-03-24T22:28:38.837Z,2023-03-24T22:28:38.837Z,3,12.53173121,55.68050792,12.5556231,55.68843857,12.54258797,55.68424221
107042,7107,Mariendals,2023-03-24T22:28:38.837Z,2023-03-24T22:28:38.837Z,3,12.51616486,55.68659927,12.54207309,55.69828138,12.52883028,55.69183721
107305,7108,Godthåb,2023-03-24T22:28:38.837Z,2023-03-24T22:28:38.837Z,4,12.49932201,55.68138748,12.53228008,55.69108871,12.51763482,55.68641422
107319,7109,Sankt Markus,2023-03-24T22:28:38.837Z,2023-03-24T22:28:38.837Z,3,12.54121732,55.67339914,12.55738843,55.68271473,12.55022833,55.678068
106729,7110,Helleruplund,2023-03-24T22:28:38.837Z,2023-03-24T22:28:38.837Z,4,12.53887391,55.72261041,12.56797538,55.74441921,12.55550538,55.73272563
106724,7111,Gentofte,2023-03-24T22:28:38.837Z,2023-03-24T22:28:38.837Z,6,12.53095777,55.73617094,12.55780857,55.75661295,12.5432321,55.74611498
106732,7112,Jægersborg,2023-03-24T22:28:38.837Z,2023-03-24T22:28:38.837Z,6,12.51562685,55.74990819,12.56026931,55.77435256,12.54318422,55.76397564
106737,7113,Vangede,2023-03-24T22:28:38.837Z,2023-03-24T22:28:38.837Z,5,12.49744473,55.73698094,12.5409882,55.76359871,12.51632249,55.7529881
106723,7114,Dyssegård,2026-02-26T22:13:10.911Z,2026-02-26T22:13:10.911Z,5,12.51614441,55.72290733,12.55718184,55.74146707,12.53555515,55.73221615
106735,7115,Ordrup,2023-03-24T22:28:38.837Z,2023-03-24T22:28:38.837Z,9,12.55429014,55.7431945,12.59455088,55.77553217,12.57118895,55.76405394
106736,7116,Skovshoved,2023-03-24T22:28:38.837Z,2023-03-24T22:28:38.837Z,5,12.57640442,55.75059425,12.60725836,55.77980925,12.59078622,55.75990395
106725,7117,Hellerup,2023-03-24T22:28:38.837Z,2023-03-24T22:28:38.837Z,7,12.5629704,55.72162373,12.59201442,55.74054331,12.57446188,55.73534528
106733,7118,Maglegårds,2023-03-24T22:28:38.837Z,2023-03-24T22:28:38.837Z,6,12.55613721,55.73952121,12.58836965,55.75305847,12.56796007,55.74467762
106760,7119,Kongens Lyngby,2023-03-24T22:28:38.837Z,2023-03-24T22:28:38.837Z,8,12.48264347,55.76167646,12.54848883,55.79107722,12.51445311,55.7747982
106758,7120,Christians,2023-03-24T22:28:38.837Z,2023-03-24T22:28:38.837Z,7,12.479163,55.75897291,12.5174339,55.77482017,12.49206479,55.76547822
106763,7121,Virum,2023-03-24T22:28:38.837Z,2023-03-24T22:28:38.837Z,3,12.4148153,55.7812354,12.48877359,55.80369494,12.43317428,55.79151654
106761,7122,Sorgenfri,2023-03-24T22:28:38.837Z,2023-03-24T22:28:38.837Z,6,12.41275019,55.76827569,12.49119733,55.79104284,12.4598374,55.77984688
106759,7123,Lundtofte,2023-03-24T22:28:38.837Z,2023-03-24T22:28:38.837Z,4,12.47964336,55.78280341,12.54635964,55.80584693,12.52871479,55.793645
106762,7124,Taarbæk,2023-03-24T22:28:38.837Z,2023-03-24T22:28:38.837Z,3,12.5416224,55.76948418,12.59889114,55.81041882,12.56915498,55.78797182
113924,7125,Søllerød,2023-03-24T22:28:38.837Z,2023-03-24T22:28:38.837Z,6,12.47287711,55.79627044,12.52775877,55.84324511,12.49585609,55.82181578
113925,7126,Vedbæk,2024-11-08T22:02:16.233Z,2024-11-08T22:02:16.233Z,7,12.5267284,55.80245155,12.58739013,55.86352695,12.55551684,55.84565757
113922,7127,Ny Holte,2023-03-24T22:28:38.837Z,2023-03-24T22:28:38.837Z,6,12.41158852,55.79280752,12.50267312,55.83333987,12.46154816,55.80999313
113918,7128,Gammel Holte,2023-03-24T22:28:38.837Z,2023-03-24T22:28:38.837Z,8,12.49831325,55.82548125,12.55421128,55.85148435,12.51936405,55.83947928
113923,7129,Nærum,2024-11-08T22:02:16.233Z,2024-11-08T22:02:16.233Z,6,12.51292799,55.8020027,12.54830269,55.82913459,12.53153362,55.82086052
106743,7130,Gladsaxe,2024-01-25T22:04:39.146Z,2024-01-25T22:04:39.146Z,6,12.44422446,55.7300142,12.49698248,55.75597021,12.46228535,55.74414163
106749,7131,Søborggård,2023-03-24T22:28:38.837Z,2023-03-24T22:28:38.837Z,5,12.48666131,55.72849754,12.52278766,55.74515074,12.5091029,55.73505163
106741,7132,Bagsværd,2024-01-25T22:04:39.146Z,2024-01-25T22:04:39.146Z,4,12.41552713,55.74921578,12.46738562,55.77730606,12.43903822,55.76507554
106747,7133,Stengård,2023-03-24T22:28:38.837Z,2023-03-24T22:28:38.837Z,6,12.4545184,55.74927247,12.50215823,55.77633772,12.47589375,55.75575347
106746,7134,Mørkhøj,2023-03-24T22:28:38.837Z,2023-03-24T22:28:38.837Z,5,12.44997983,55.71604447,12.48780561,55.73695225,12.46673414,55.7261953
106753,7135,Herlev,2025-01-01T22:02:15.652Z,2025-01-01T22:02:15.652Z,6,12.41281181,55.70725494,12.44247379,55.72974728,12.43250162,55.72057608
106756,7136,Præstebro,2023-03-24T22:28:38.837Z,2023-03-24T22:28:38.837Z,4,12.43092095,55.7120972,12.46054038,55.73778295,12.44830198,55.71929619
107098,7137,Rødovre,2026-01-30T22:17:15.683Z,2026-01-30T22:17:15.683Z,4,12.42280444,55.66812687,12.4756728,55.68703544,12.46116381,55.67701235
107096,7138,Grøndalslund,2026-02-09T22:10:04.314Z,2026-02-09T22:10:04.314Z,6,12.42856635,55.67988518,12.46785498,55.69474487,12.44289069,55.68531259
106764,7139,Islev,2026-02-26T22:13:10.911Z,2026-02-26T22:13:10.911Z,8,12.42580897,55.68671294,12.46786369,55.71565457,12.44278136,55.70089688
107097,7140,Hendriksholm,2023-03-24T22:28:38.837Z,2023-03-24T22:28:38.837Z,4,12.44659521,55.66409113,12.47896532,55.67333355,12.46753863,55.66862782
107092,7141,Hvidovre,2023-03-24T22:28:38.837Z,2023-03-24T22:28:38.837Z,3,12.45138102,55.64621347,12.48636017,55.66680774,12.46598849,55.65864945
107094,7142,Strandmark,2026-03-16T22:12:36.373Z,2026-03-16T22:12:36.373Z,10,12.46595826,55.61529956,12.5080006,55.64261069,12.48575743,55.63012797
107093,7143,Risbjerg,2023-03-24T22:28:38.837Z,2023-03-24T22:28:38.837Z,3,12.45942559,55.63386896,12.50123353,55.65320479,12.48052968,55.64421387
107085,7144,Brøndbyvester,2023-03-24T22:28:38.837Z,2023-03-24T22:28:38.837Z,5,12.36097288,55.62810495,12.4315728,55.66171298,12.40228613,55.6447227
107086,7145,Brøndbyøster,2023-03-24T22:28:38.837Z,2023-03-24T22:28:38.837Z,5,12.42121184,55.64085723,12.46141486,55.66578492,12.44224966,55.65406744
107091,7146,Avedøre,2024-09-23T21:06:44.109Z,2024-09-23T21:06:44.109Z,5,12.42233968,55.59724764,12.50783268,55.64912003,12.4471659,55.63632384
107089,7147,Glostrup,2025-01-01T22:02:15.652Z,2025-01-01T22:02:15.652Z,10,12.36701152,55.65732844,12.43412545,55.71057297,12.40923426,55.69595649
107576,7148,Herstedøster,2024-02-05T22:01:25.064Z,2024-02-05T22:01:25.064Z,8,12.33778135,55.6616593,12.39867986,55.71108542,12.37448463,55.68619734
107753,7149,Vallensbæk,2023-03-24T22:28:38.837Z,2023-03-24T22:28:38.837Z,3,12.33871222,55.60934668,12.4086825,55.65682689,12.36571727,55.63854285
114593,7150,Torslunde,2023-03-24T22:28:38.837Z,2023-03-24T22:28:38.837Z,3,12.20908505,55.61233227,12.28757691,55.63706814,12.25089415,55.62495975
107750,7151,Ishøj,2024-01-10T22:10:55.667Z,2024-01-10T22:10:55.667Z,6,12.28255206,55.59302796,12.40354463,55.63921757,12.33446839,55.62237521
107659,7152,Høje Taastrup,2023-03-24T22:28:38.837Z,2023-03-24T22:28:38.837Z,5,12.23320163,55.63228715,12.29004828,55.66544889,12.25932871,55.64714811
107749,7153,Taastrup Nykirke,2023-03-24T22:28:38.837Z,2023-03-24T22:28:38.837Z,6,12.28173502,55.63563392,12.34955713,55.67365998,12.30519206,55.65512338
108403,7154,Værløse,2023-03-24T22:28:38.837Z,2023-03-24T22:28:38.837Z,7,12.29188932,55.75170319,12.4413351,55.80777085,12.34097567,55.77564608
107567,7155,Herstedvester,2023-03-24T22:28:38.837Z,2023-03-24T22:28:38.837Z,4,12.30815871,55.65874244,12.36164214,55.71059962,12.33511882,55.69004881
111061,7156,Roskilde Domsogn,2025-01-29T22:02:32.326Z,2025-01-29T22:02:32.326Z,11,12.02727935,55.61396257,12.15865143,55.65650215,12.04853674,55.62775519
111253,7157,Roskilde Søndre,2023-03-24T22:28:38.837Z,2023-03-24T22:28:38.837Z,5,12.06225864,55.62225905,12.11441689,55.64247296,12.09288968,55.63230445
111276,7158,Vor Frue,2023-03-24T22:28:38.837Z,2023-03-24T22:28:38.837Z,3,12.04863005,55.58496382,12.14809539,55.63029887,12.09153025,55.60751262
111122,7159,Sankt Jørgensbjerg,2023-03-24T22:28:38.837Z,2023-03-24T22:28:38.837Z,3,12.00440003,55.6336069,12.08792271,55.67521207,12.03443463,55.65599902
111117,7160,Himmelev,2023-03-24T22:28:38.837Z,2023-03-24T22:28:38.837Z,8,12.02557873,55.63915154,12.16754424,55.70202967,12.11543725,55.66647745
108177,7161,Hvedstrup,2023-03-24T22:28:38.837Z,2023-03-24T22:28:38.837Z,3,12.18183751,55.68624441,12.25231862,55.72754907,12.21056859,55.70615722
107579,7162,Fløng,2023-03-24T22:28:38.837Z,2023-03-24T22:28:38.837Z,7,12.14750756,55.63245464,12.21588363,55.68960479,12.17760792,55.66573902
110962,7163,Herslev,2023-03-24T22:28:38.837Z,2023-03-24T22:28:38.837Z,4,11.9479892,55.64188184,12.05570264,55.71549455,11.98282481,55.66225839
110908,7164,Gevninge,2023-03-24T22:28:38.837Z,2023-03-24T22:28:38.837Z,4,11.90213984,55.62423716,11.9728498,55.66545554,11.94765972,55.64110972
110988,7165,Kornerup,2023-03-24T22:28:38.837Z,2023-03-24T22:28:38.837Z,3,11.96182232,55.61369573,12.00371815,55.64690044,11.98345469,55.63750766
111138,7166,Svogerslev,2023-03-24T22:28:38.837Z,2023-03-24T22:28:38.837Z,3,11.98813179,55.61728556,12.03965391,55.65140848,12.01091681,55.62951369
110887,7167,Ågerup,2023-03-24T22:28:38.837Z,2023-03-24T22:28:38.837Z,3,12.09464486,55.66942062,12.18762247,55.71018374,12.15519127,55.68826744
110876,7168,Kirkerup,2023-03-24T22:28:38.837Z,2023-03-24T22:28:38.837Z,3,12.09977581,55.69626666,12.22827669,55.74311682,12.16036981,55.71224814
110875,7169,Jyllinge,2023-03-24T22:28:38.837Z,2023-03-24T22:28:38.837Z,3,12.07373834,55.72935628,12.13115578,55.78133661,12.11154519,55.74354303
110874,7170,Gundsømagle,2023-03-24T22:28:38.837Z,2023-03-24T22:28:38.837Z,3,12.10791948,55.71791594,12.22876601,55.76228578,12.14643265,55.7385275
109115,7171,Osted,2023-03-24T22:28:38.837Z,2023-03-24T22:28:38.837Z,3,11.91680418,55.52568802,11.98131216,55.57886178,11.95558235,55.56448733
109109,7172,Allerslev,2023-03-24T22:28:38.837Z,2023-03-24T22:28:38.837Z,5,11.91760516,55.56991657,11.98391008,55.63456134,11.94711132,55.59242326
109962,7173,Kirke Hvalsø,2023-03-24T22:28:38.837Z,2023-03-24T22:28:38.837Z,6,11.80443662,55.55368681,11.89557513,55.61760451,11.85263126,55.5989467
110033,7174,Særløse,2023-03-24T22:28:38.837Z,2023-03-24T22:28:38.837Z,5,11.86327058,55.52904145,11.93676137,55.59338436,11.90593367,55.55564327
111738,7175,Kirke Såby,2023-03-24T22:28:38.837Z,2023-03-24T22:28:38.837Z,4,11.79505952,55.60807958,11.93694456,55.66480669,11.87704786,55.63386894
109987,7176,Kisserup,2023-03-24T22:28:38.837Z,2023-03-24T22:28:38.837Z,5,11.86436669,55.58424421,11.93836516,55.62692238,11.90311116,55.60995883
111736,7177,Rye,2023-03-24T22:28:38.837Z,2023-03-24T22:28:38.837Z,4,11.81039805,55.6571282,11.90331264,55.70731544,11.86460094,55.6777597
111737,7178,Kirke Sonnerup,2023-03-24T22:28:38.837Z,2023-03-24T22:28:38.837Z,3,11.77727221,55.63137699,11.86023278,55.66661822,11.81427427,55.64954298
112100,7179,Kirke Hyllinge,2023-03-24T22:28:38.837Z,2023-03-24T22:28:38.837Z,4,11.83893014,55.68515228,11.94733575,55.73490905,11.87600275,55.71619578
111735,7180,Lyndby,2023-03-24T22:28:38.837Z,2023-03-24T22:28:38.837Z,4,11.89196903,55.6488915,11.95418956,55.6923616,11.92159747,55.67897521
112101,7181,Sæby,2023-03-24T22:28:38.837Z,2023-03-24T22:28:38.837Z,4,11.86737181,55.68802379,11.97724385,55.74701951,11.93914116,55.70887521
110872,7182,Gershøj,2023-03-24T22:28:38.837Z,2023-03-24T22:28:38.837Z,3,11.94326193,55.7129193,11.98302069,55.73830806,11.96691122,55.72345131
107748,7184,Sengeløse,2023-03-24T22:28:38.837Z,2023-03-24T22:28:38.837Z,3,12.1988923,55.65980896,12.32404325,55.70986769,12.26092876,55.6833928
108400,7185,Ledøje,2023-03-24T22:28:38.837Z,2023-03-24T22:28:38.837Z,5,12.2687074,55.69288512,12.34374273,55.72989361,12.3090091,55.70844405
108401,7186,Smørum,2023-03-24T22:28:38.837Z,2023-03-24T22:28:38.837Z,6,12.20594877,55.69743938,12.33503953,55.75361854,12.25294093,55.72551718
108396,7187,Ballerup,2024-11-05T22:03:46.545Z,2024-11-05T22:03:46.545Z,8,12.32952122,55.72067238,12.41176293,55.76248548,12.37422868,55.7405782
108397,7188,Måløv,2023-03-24T22:28:38.837Z,2023-03-24T22:28:38.837Z,5,12.26302657,55.73947722,12.3587744,55.76439116,12.32810609,55.75067194
106721,7189,Skovlunde,2023-03-24T22:28:38.837Z,2023-03-24T22:28:38.837Z,3,12.36354945,55.69631008,12.42768693,55.73338064,12.39721784,55.71527243
107100,7190,Tårnby,2023-03-24T22:28:38.837Z,2023-03-24T22:28:38.837Z,6,12.58540115,55.57403653,12.68698732,55.63970283,12.66334814,55.61653017
117447,7191,Kastrup,2023-03-24T22:28:38.837Z,2023-03-24T22:28:38.837Z,4,12.62128746,55.5869949,12.82943183,55.67694563,12.75976091,55.63649778
117444,7192,Store Magleby,2023-03-24T22:28:38.837Z,2023-03-24T22:28:38.837Z,3,12.55496382,55.5526042,12.67055136,55.61097821,12.64896126,55.59671222
117439,7193,Dragør,2023-03-24T22:28:38.837Z,2023-03-24T22:28:38.837Z,4,12.63509667,55.53632022,12.71801584,55.60527886,12.67131069,55.59012503
107755,7194,Greve,2023-05-15T21:03:24.475Z,2023-05-15T21:03:24.475Z,7,12.207227,55.57376294,12.32260707,55.62168974,12.24746993,55.59232193
107756,7195,Hundige-Kildebrønde,2024-01-10T22:10:55.667Z,2024-01-10T22:10:55.667Z,8,12.24082144,55.58135172,12.36543059,55.62293915,12.32367969,55.5970134
107680,7196,Reerslev,2023-03-24T22:28:38.837Z,2023-03-24T22:28:38.837Z,6,12.15903383,55.60441708,12.21820854,55.64857329,12.18990659,55.628252
111271,7197,Vindinge,2025-01-29T22:02:32.326Z,2025-01-29T22:02:32.326Z,7,12.10608733,55.60005897,12.167592,55.64439757,12.14114351,55.62170752
109195,7198,Snoldelev,2024-05-28T21:01:26.357Z,2024-05-28T21:01:26.357Z,6,12.0909711,55.54910029,12.19186245,55.592875,12.12840225,55.57223258
107757,7199,Tune,2023-05-15T21:03:24.475Z,2023-05-15T21:03:24.475Z,5,12.13742449,55.57647118,12.22962914,55.61331939,12.17596384,55.59414827
108603,7200,Karlslunde,2023-05-15T21:03:24.475Z,2023-05-15T21:03:24.475Z,7,12.17714151,55.557175,12.25461638,55.58682242,12.22364244,55.57113266
108687,7201,Karlstrup,2023-03-24T22:28:38.837Z,2023-03-24T22:28:38.837Z,3,12.1805111,55.54178614,12.25587577,55.56703322,12.21017443,55.55127636
109201,7202,Havdrup,2023-03-24T22:28:38.837Z,2023-03-24T22:28:38.837Z,3,12.10450096,55.53563893,12.1817611,55.56633239,12.15353008,55.55258476
108768,7203,Solrød,2024-05-21T21:01:23.492Z,2024-05-21T21:01:23.492Z,4,12.13937484,55.52329737,12.24114349,55.5581689,12.18363914,55.54115124
109202,7204,Jersie,2024-05-21T21:01:23.492Z,2024-05-21T21:01:23.492Z,7,12.1388195,55.50758582,12.22539041,55.53831509,12.17030761,55.5222946
109203,7205,Kirke Skensved,2023-03-24T22:28:38.837Z,2023-03-24T22:28:38.837Z,4,12.09265743,55.51282943,12.1514785,55.5395143,12.13205764,55.52788257
108453,7206,Køge,2023-03-24T22:28:38.837Z,2023-03-24T22:28:38.837Z,10,12.13043841,55.4411436,12.21342423,55.48030162,12.17855287,55.46459324
108876,7207,Ølsemagle,2026-03-16T22:12:36.373Z,2026-03-16T22:12:36.373Z,9,12.1309444,55.48095378,12.21755985,55.51508288,12.18324185,55.49917833
109191,7208,Rorup,2023-03-24T22:28:38.837Z,2023-03-24T22:28:38.837Z,4,11.96751981,55.56973276,12.01163347,55.60537618,11.98974302,55.58466669
110885,7209,Glim,2023-03-24T22:28:38.837Z,2023-03-24T22:28:38.837Z,3,11.97061995,55.5801354,12.076549,55.62269131,12.0255252,55.60213332
109194,7210,Gadstrup,2024-05-28T21:01:26.357Z,2024-05-28T21:01:26.357Z,5,12.0410448,55.5468384,12.11333393,55.59429333,12.07753623,55.56334157
131711,7211,Syv,2023-03-24T22:28:38.837Z,2023-03-24T22:28:38.837Z,3,11.9998125,55.53245657,12.05668378,55.58735838,12.03388907,55.56956162
109196,7212,Ørsted,2023-03-24T22:28:38.837Z,2023-03-24T22:28:38.837Z,3,12.03003929,55.52012054,12.11034622,55.55724409,12.06801989,55.53899145
109193,7213,Dåstrup,2023-03-24T22:28:38.837Z,2023-03-24T22:28:38.837Z,3,11.96845636,55.51584367,12.04024991,55.57717759,11.99817194,55.55618106
109199,7214,Borup,2023-04-28T21:12:53.123Z,2023-04-28T21:12:53.123Z,5,11.90712872,55.45874554,12.02741872,55.5365625,11.95743085,55.50951234
109569,7215,Kimmerslev,2023-04-28T21:12:53.123Z,2023-04-28T21:12:53.123Z,5,11.94117734,55.45966972,12.00062846,55.49442874,11.96434593,55.4753693
109200,7216,Ejby,2023-03-24T22:28:38.837Z,2023-03-24T22:28:38.837Z,2,12.01697744,55.47151651,12.10148774,55.52959925,12.04957016,55.50695144
109571,7217,Nørre Dalby,2023-03-24T22:28:38.837Z,2023-03-24T22:28:38.837Z,5,11.9469998,55.45939018,12.04466443,55.50810771,12.01323717,55.48031903
108814,7218,Højelse-Ølby,2023-03-24T22:28:38.837Z,2023-03-24T22:28:38.837Z,9,12.07214564,55.4622311,12.20469332,55.52764146,12.11980518,55.48361085
98039,7219,Ubby,2023-03-24T22:28:38.837Z,2023-03-24T22:28:38.837Z,4,11.16784132,55.59662027,11.29479129,55.6596558,11.20448078,55.62383831
98037,7220,Svallerup,2023-03-24T22:28:38.837Z,2023-03-24T22:28:38.837Z,3,11.1254156,55.53383163,11.21627572,55.62265368,11.17343472,55.59461073
97687,7221,Store Fuglede,2023-03-24T22:28:38.837Z,2023-03-24T22:28:38.837Z,3,11.19893578,55.56347523,11.29239849,55.60131599,11.22681484,55.58331732
96938,7222,Lille Fuglede,2023-03-24T22:28:38.837Z,2023-03-24T22:28:38.837Z,4,11.22444557,55.57771002,11.29376438,55.62426674,11.2458057,55.60770068
96946,7223,Sæby,2023-03-24T22:28:38.837Z,2023-03-24T22:28:38.837Z,4,11.28864909,55.53373987,11.37007949,55.57771002,11.33066257,55.55778689
96943,7224,Hallenslev,2023-03-24T22:28:38.837Z,2023-03-24T22:28:38.837Z,4,11.24743893,55.5221122,11.31676316,55.57846112,11.28741175,55.5610163
96940,7225,Buerup,2023-03-24T22:28:38.837Z,2023-03-24T22:28:38.837Z,3,11.2904032,55.56336042,11.40171247,55.64143724,11.35308146,55.5960486
96945,7226,Reerslev,2023-03-24T22:28:38.837Z,2023-03-24T22:28:38.837Z,3,11.3660723,55.54351847,11.4627511,55.60194959,11.40174957,55.56796428
96936,7227,Ruds Vedby,2023-03-24T22:28:38.837Z,2023-03-24T22:28:38.837Z,5,11.31766842,55.51897815,11.44533825,55.55487756,11.38357502,55.53662031
96630,7231,Ørslev,2023-03-24T22:28:38.837Z,2023-03-24T22:28:38.837Z,3,11.35498857,55.46157296,11.42454835,55.53160577,11.38629515,55.49965343
96502,7232,Solbjerg,2023-03-24T22:28:38.837Z,2023-03-24T22:28:38.837Z,3,11.32596502,55.45761582,11.3722033,55.50296369,11.34785943,55.48624763
96927,7233,Havrebjerg,2023-03-24T22:28:38.837Z,2023-03-24T22:28:38.837Z,3,11.26011862,55.43894731,11.34071892,55.4792745,11.30447275,55.45496136
96497,7234,Gierslev,2023-03-24T22:28:38.837Z,2023-03-24T22:28:38.837Z,4,11.22351728,55.46052882,11.34021775,55.50520366,11.27378546,55.48053828
96496,7235,Finderup,2023-03-24T22:28:38.837Z,2023-03-24T22:28:38.837Z,6,11.24743053,55.4913552,11.37883055,55.53892898,11.32284478,55.51855369
97601,7238,Kirke Helsinge,2023-03-24T22:28:38.837Z,2023-03-24T22:28:38.837Z,3,11.12544068,55.49431339,11.22945547,55.55601408,11.17649205,55.52192546
97728,7239,Drøsselbjerg,2023-03-24T22:28:38.837Z,2023-03-24T22:28:38.837Z,3,11.17022767,55.46144335,11.24673036,55.50366995,11.20596882,55.4800237
95697,7245,Stenlille,2023-03-24T22:28:38.837Z,2023-03-24T22:28:38.837Z,3,11.50622731,55.50274784,11.624933,55.59188683,11.58224882,55.53296687
112102,7246,Orø,2018-04-30T15:23:13.528Z,2015-06-18T19:50:06.959Z,2,11.77171447,55.73543741,11.85013877,55.81030836,11.81388246,55.76946789
98040,7253,Værslev,2023-03-24T22:28:38.837Z,2023-03-24T22:28:38.837Z,3,11.17464649,55.64096638,11.24142537,55.71043051,11.19611723,55.67566811
94730,7254,Jorløse,2023-03-24T22:28:38.837Z,2023-03-24T22:28:38.837Z,3,11.25656771,55.57665862,11.35063658,55.64451036,11.30089141,55.61295543
95239,7255,Vallekilde,2023-03-24T22:28:38.837Z,2023-03-24T22:28:38.837Z,3,11.34790541,55.73249468,11.44311341,55.77126581,11.40439279,55.75280755
95238,7256,Hørve,2024-02-05T22:01:25.064Z,2024-02-05T22:01:25.064Z,4,11.41127215,55.73283029,11.53524792,55.78823322,11.46158846,55.75860027
99265,7257,Sejerø,2023-03-24T22:28:38.837Z,2023-03-24T22:28:38.837Z,5,11.07526365,55.85358709,11.22299223,55.91978509,11.15483481,55.88146568
98681,7258,Nykøbing S,2024-05-27T21:01:23.728Z,2024-05-27T21:01:23.728Z,4,11.6260125,55.90105574,11.71853426,55.94965878,11.68017698,55.93077725
116733,7259,Rørvig,2024-05-27T21:01:23.728Z,2024-05-27T21:01:23.728Z,7,11.6964317,55.89760397,11.79419699,55.97882933,11.72929741,55.94076697
99196,7260,Odden,2023-03-24T22:28:38.837Z,2023-03-24T22:28:38.837Z,4,11.27353993,55.94854581,11.46981629,56.01063775,11.37993514,55.96038007
98682,7261,Højby,2023-04-27T21:03:45.930Z,2023-04-27T21:03:45.930Z,6,11.51971301,55.86391893,11.67357087,55.95133959,11.56550025,55.90029653
98814,7262,Vig,2023-04-27T21:03:45.930Z,2023-04-27T21:03:45.930Z,4,11.50240302,55.81960604,11.66237021,55.88294327,11.57236766,55.85439176
98813,7263,Nørre Asmindrup,2023-04-27T21:03:45.930Z,2023-04-27T21:03:45.930Z,4,11.5864066,55.86007946,11.67205461,55.89846368,11.62856022,55.88263481
98817,7264,Egebjerg,2023-03-24T22:28:38.837Z,2023-03-24T22:28:38.837Z,3,11.63543643,55.80562762,11.74158917,55.88230491,11.69306569,55.83472667
93922,7265,Grevinge,2023-03-24T22:28:38.837Z,2023-03-24T22:28:38.837Z,3,11.52623029,55.7665684,11.66075082,55.83734379,11.57870771,55.79883022
98810,7266,Asnæs,2023-03-24T22:28:38.837Z,2023-03-24T22:28:38.837Z,3,11.45288059,55.77337669,11.54490523,55.85535724,11.49669947,55.81285547
95237,7267,Fårevejle,2023-03-24T22:28:38.837Z,2023-03-24T22:28:38.837Z,3,11.34961423,55.76143012,11.52399947,55.85098677,11.41764009,55.80266576
98042,7268,Vor Frue,2023-03-24T22:28:38.837Z,2023-03-24T22:28:38.837Z,6,11.04655644,55.66767435,11.19868506,55.75686172,11.16779894,55.74282974
98044,7269,Raklev,2023-03-24T22:28:38.837Z,2023-03-24T22:28:38.837Z,6,10.99963304,55.68446665,11.1643738,55.75477698,11.05277123,55.71206671
98525,7270,Røsnæs,2023-03-24T22:28:38.837Z,2023-03-24T22:28:38.837Z,4,10.8672191,55.71728327,11.02693276,55.75330577,10.94818933,55.73867504
98045,7271,Tømmerup,2023-03-24T22:28:38.837Z,2023-03-24T22:28:38.837Z,10,11.11177133,55.66239224,11.20842954,55.73241008,11.16076515,55.70619171
98046,7272,Årby,2024-10-11T21:03:05.131Z,2024-10-11T21:03:05.131Z,10,10.9297323,55.62320593,11.15021018,55.67393082,11.11048964,55.64416999
98038,7273,Rørby,2023-03-24T22:28:38.837Z,2023-03-24T22:28:38.837Z,3,11.11015781,55.61127396,11.19453591,55.67265209,11.1665014,55.65430702
93930,7274,Sankt Nikolai,2023-03-24T22:28:38.837Z,2023-03-24T22:28:38.837Z,6,11.70375071,55.6881546,11.77099699,55.72764592,11.74924671,55.70887281
94688,7275,Tveje Merløse,2024-11-11T22:06:14.416Z,2024-11-11T22:06:14.416Z,6,11.66494222,55.67210693,11.73551592,55.72099639,11.69301272,55.69948551
94259,7278,Nørre Jernløse,2023-03-24T22:28:38.837Z,2023-03-24T22:28:38.837Z,5,11.558219,55.65078513,11.64976123,55.69743736,11.61360786,55.66996734
94258,7279,Kvanløse,2024-05-21T21:01:23.492Z,2024-05-21T21:01:23.492Z,4,11.63370444,55.60536764,11.7019579,55.67972048,11.67012294,55.64382849
94366,7280,Sønder Jernløse,2023-03-24T22:28:38.837Z,2023-03-24T22:28:38.837Z,5,11.54465182,55.61567884,11.66654361,55.66822381,11.63094707,55.64511006
94529,7281,Søstrup,2023-03-24T22:28:38.837Z,2023-03-24T22:28:38.837Z,6,11.62998181,55.66774219,11.69198412,55.70580841,11.65160899,55.68809818
111743,7284,Tølløse,2024-05-21T21:01:23.492Z,2024-05-21T21:01:23.492Z,10,11.67564671,55.57269234,11.79817316,55.65593284,11.72529004,55.61114171
111742,7286,Soderup,2023-03-24T22:28:38.837Z,2023-03-24T22:28:38.837Z,9,11.74029613,55.55556201,11.86343471,55.64132738,11.79619779,55.59371317
111741,7287,Kirke Eskilstrup,2023-03-24T22:28:38.837Z,2023-03-24T22:28:38.837Z,3,11.73750578,55.53896276,11.8253781,55.59409113,11.77650489,55.56590727
96027,7288,Store Tåstrup,2023-03-24T22:28:38.837Z,2023-03-24T22:28:38.837Z,3,11.66101596,55.50670103,11.7850665,55.5820424,11.72001464,55.55600839
96028,7289,Ugerløse,2023-03-24T22:28:38.837Z,2023-03-24T22:28:38.837Z,4,11.61848484,55.56446943,11.70067135,55.61231591,11.65762743,55.58805334
93923,7294,Hagested,2023-03-24T22:28:38.837Z,2023-03-24T22:28:38.837Z,3,11.54085801,55.72270317,11.66583752,55.77657856,11.61563678,55.75267248
93927,7295,Gislinge,2023-03-24T22:28:38.837Z,2023-03-24T22:28:38.837Z,3,11.52584066,55.70876079,11.5882698,55.76347558,11.55382109,55.74019432
93928,7296,Kundby,2023-03-24T22:28:38.837Z,2023-03-24T22:28:38.837Z,3,11.44200001,55.67803063,11.60236172,55.77401078,11.50546589,55.71000603
94735,7299,Jyderup,2023-03-24T22:28:38.837Z,2023-03-24T22:28:38.837Z,3,11.37562416,55.62702045,11.46771344,55.68668946,11.41811995,55.65721234
94734,7300,Holmstrup,2023-03-24T22:28:38.837Z,2023-03-24T22:28:38.837Z,3,11.3474824,55.57967813,11.46334409,55.65788555,11.41020146,55.61665009
93063,7304,Karrebæk,2023-03-24T22:28:38.837Z,2023-03-24T22:28:38.837Z,6,11.53304053,55.14083612,11.71888504,55.23435104,11.63712922,55.2010512
91599,7305,Fodby,2024-05-24T21:01:20.688Z,2024-05-24T21:01:20.688Z,4,11.63994185,55.19936897,11.73282888,55.27079632,11.684561,55.22476658
105932,7306,Herlufsholm,2024-05-24T21:01:20.688Z,2024-05-24T21:01:20.688Z,5,11.6746251,55.22137139,11.75744095,55.27960504,11.72908922,55.25182066
91276,7307,Gunderslev,2023-03-24T22:28:38.837Z,2023-03-24T22:28:38.837Z,3,11.59236017,55.27804812,11.69982056,55.33873253,11.6416732,55.31261355
92202,7308,Skælskør,2023-03-24T22:28:38.837Z,2023-03-24T22:28:38.837Z,6,11.23800136,55.23805556,11.30419997,55.26637891,11.26580915,55.25379085
92161,7309,Eggeslevmagle,2024-05-28T21:01:26.357Z,2024-05-28T21:01:26.357Z,7,11.29193521,55.24311966,11.38766617,55.31462834,11.3326965,55.28045201
92039,7310,Høve,2023-03-24T22:28:38.837Z,2023-03-24T22:28:38.837Z,4,11.34828378,55.24015889,11.42299212,55.29699594,11.400073,55.28254197
92479,7311,Flakkebjerg,2023-03-24T22:28:38.837Z,2023-03-24T22:28:38.837Z,4,11.36235167,55.29226143,11.45768428,55.33645436,11.40051083,55.31786004
92497,7312,Skørpinge,2023-03-24T22:28:38.837Z,2023-03-24T22:28:38.837Z,4,11.34535457,55.31896637,11.41101603,55.35319918,11.37541405,55.33581364
92480,7313,Fårdrup,2023-03-24T22:28:38.837Z,2023-03-24T22:28:38.837Z,4,11.31057811,55.30480767,11.3839245,55.33970029,11.3429711,55.32147633
92555,7314,Sørbymagle,2024-05-28T21:01:26.357Z,2024-05-28T21:01:26.357Z,6,11.38219466,55.34728142,11.47811616,55.39685608,11.44307137,55.37072797
91361,7315,Kirkerup,2023-03-24T22:28:38.837Z,2023-03-24T22:28:38.837Z,5,11.43924282,55.33313504,11.52326616,55.39254801,11.48234771,55.35425784
92485,7316,Gimlinge,2023-03-24T22:28:38.837Z,2023-03-24T22:28:38.837Z,6,11.39507156,55.28513767,11.47816623,55.35089351,11.42744545,55.3354585
91994,7317,Hårslev,2023-03-24T22:28:38.837Z,2023-03-24T22:28:38.837Z,5,11.43938978,55.25623361,11.52664293,55.29639956,11.49235867,55.27109126
91995,7318,Ting Jellinge,2023-03-24T22:28:38.837Z,2023-03-24T22:28:38.837Z,3,11.43505021,55.29211105,11.49544455,55.30987886,11.46515693,55.30161978
92001,7319,Hyllested,2023-03-24T22:28:38.837Z,2023-03-24T22:28:38.837Z,6,11.41112998,55.25784834,11.48050936,55.29743541,11.44960395,55.27513456
92329,7320,Venslev,2023-03-24T22:28:38.837Z,2023-03-24T22:28:38.837Z,3,11.43501089,55.22684322,11.49614914,55.26213368,11.45789517,55.24806174
92181,7321,Holsteinborg,2023-03-24T22:28:38.837Z,2023-03-24T22:28:38.837Z,3,11.44032785,55.19697476,11.51972268,55.24084073,11.47091906,55.22392708
92340,7322,Ørslev,2023-03-24T22:28:38.837Z,2023-03-24T22:28:38.837Z,3,11.37141776,55.18439917,11.49336792,55.23475775,11.41174843,55.22077706
92239,7323,Sønder Bjerge,2023-03-24T22:28:38.837Z,2023-03-24T22:28:38.837Z,3,11.39635028,55.23013843,11.44559139,55.27224885,11.42239099,55.25803069
92309,7324,Tjæreby,2024-05-28T21:01:26.357Z,2024-05-28T21:01:26.357Z,4,11.31315301,55.19717083,11.41160431,55.27165874,11.36478557,55.2380124
92194,7325,Magleby,2023-03-24T22:28:38.837Z,2023-03-24T22:28:38.837Z,3,11.22939874,55.18674587,11.37464252,55.2514712,11.28525664,55.21775851
93764,7326,Agersø,2018-04-30T15:23:13.528Z,2015-06-18T19:50:06.959Z,2,11.16559467,55.18368853,11.22261835,55.25108743,11.1873573,55.20355947
93137,7327,Omø,2018-04-30T15:23:13.528Z,2015-06-18T19:50:06.959Z,2,11.13209986,55.13952596,11.18026152,55.17755302,11.15030604,55.15835564
91528,7330,Krummerup,2023-03-24T22:28:38.837Z,2023-03-24T22:28:38.837Z,3,11.45779613,55.27722674,11.5440382,55.3386296,11.48423488,55.31815638
91716,7332,Førslev,2023-03-24T22:28:38.837Z,2023-03-24T22:28:38.837Z,3,11.5159559,55.25673377,11.61878214,55.32145928,11.58655494,55.30046181
91604,7333,Vallensved,2023-03-24T22:28:38.837Z,2023-03-24T22:28:38.837Z,3,11.61043656,55.22789352,11.68377288,55.29738632,11.64178101,55.27148755
91601,7334,Marvede,2023-05-01T21:02:49.242Z,2023-05-01T21:02:49.242Z,5,11.53593559,55.19543301,11.61847996,55.24267762,11.57566426,55.22112294
91600,7335,Hyllinge,2023-05-01T21:02:49.242Z,2023-05-01T21:02:49.242Z,4,11.5685035,55.22378401,11.65264315,55.3056084,11.60066463,55.25256657
91781,7336,Kvislemark,2023-03-24T22:28:38.837Z,2023-03-24T22:28:38.837Z,3,11.51935157,55.24150031,11.58327098,55.26117448,11.56501107,55.2504388
91605,7337,Fyrendal,2023-03-24T22:28:38.837Z,2023-03-24T22:28:38.837Z,4,11.48218157,55.19364721,11.5676155,55.26148909,11.52364973,55.23301983
95637,7338,Munke Bjergby,2024-11-11T22:06:14.416Z,2024-11-11T22:06:14.416Z,4,11.47975404,55.47631251,11.6072797,55.54559257,11.54800258,55.5069535
96035,7339,Bromme,2024-11-11T22:06:14.416Z,2024-11-11T22:06:14.416Z,4,11.45947202,55.44543084,11.54924859,55.49969585,11.50263294,55.47627862
96030,7340,Gyrstinge,2023-03-24T22:28:38.837Z,2023-03-24T22:28:38.837Z,3,11.63467732,55.45689865,11.72460971,55.51329768,11.68377218,55.48347619
95635,7341,Kirke Flinterup,2023-03-24T22:28:38.837Z,2023-03-24T22:28:38.837Z,3,11.58838874,55.48836203,11.66458586,55.53255625,11.62146748,55.51106206
95710,7342,Stenmagle,2023-03-24T22:28:38.837Z,2023-03-24T22:28:38.837Z,3,11.53584112,55.51294697,11.68953363,55.59115787,11.64682094,55.54769222
109930,7343,Bringstrup,2023-03-24T22:28:38.837Z,2023-03-24T22:28:38.837Z,3,11.68599035,55.43657039,11.76205235,55.4876672,11.72914443,55.46500223
109942,7344,Sigersted,2023-03-24T22:28:38.837Z,2023-03-24T22:28:38.837Z,3,11.69067657,55.40218875,11.78085498,55.4461852,11.72552802,55.42421143
92909,7345,Sankt Mikkels,2023-03-24T22:28:38.837Z,2023-03-24T22:28:38.837Z,4,11.33945888,55.39751342,11.400542,55.41547415,11.3803829,55.40755582
92873,7346,Hejninge,2023-03-24T22:28:38.837Z,2023-03-24T22:28:38.837Z,4,11.25684082,55.38282855,11.30048326,55.41726263,11.28176838,55.4012229
92950,7347,Sankt Peders,2023-05-01T21:02:49.242Z,2023-05-01T21:02:49.242Z,6,11.26686998,55.37589901,11.35630517,55.44751568,11.3202169,55.40319262
93534,7348,Sankt Povls,2023-03-24T22:28:38.837Z,2023-03-24T22:28:38.837Z,3,10.94423392,55.30508466,11.19287213,55.34267254,11.17047411,55.31942747
93535,7349,Tårnborg,2023-03-24T22:28:38.837Z,2023-03-24T22:28:38.837Z,4,11.13238688,55.29899279,11.24746558,55.39467226,11.19353056,55.36648214
96932,7350,Sønderup,2023-03-24T22:28:38.837Z,2023-03-24T22:28:38.837Z,3,11.32541868,55.44075643,11.41573614,55.48608189,11.39244413,55.46248309
96929,7351,Nordrupvester,2023-03-24T22:28:38.837Z,2023-03-24T22:28:38.837Z,3,11.39654904,55.46048917,11.48682871,55.51075341,11.42953677,55.48384735
96752,7352,Gudum,2023-03-24T22:28:38.837Z,2023-03-24T22:28:38.837Z,4,11.35954831,55.42704785,11.42065304,55.45432708,11.39374837,55.43556992
96931,7353,Sorterup,2023-03-24T22:28:38.837Z,2023-03-24T22:28:38.837Z,3,11.39334428,55.43544569,11.48678675,55.48068348,11.45025649,55.46152518
96930,7354,Ottestrup,2023-03-24T22:28:38.837Z,2023-03-24T22:28:38.837Z,6,11.38757171,55.39789771,11.49258291,55.44484654,11.42178879,55.42100954
92507,7355,Slots Bjergby,2023-03-24T22:28:38.837Z,2023-03-24T22:28:38.837Z,5,11.29179798,55.35602952,11.36600587,55.38746973,11.32283121,55.36882459
92547,7356,Sludstrup,2024-05-28T21:01:26.357Z,2024-05-28T21:01:26.357Z,4,11.35517574,55.34280477,11.42395948,55.37776213,11.37737158,55.36874658
92492,7357,Lundforlund,2023-03-24T22:28:38.837Z,2023-03-24T22:28:38.837Z,3,11.29211195,55.31634989,11.33385505,55.3552267,11.31346642,55.33463315
92481,7358,Gerlev,2023-03-24T22:28:38.837Z,2023-03-24T22:28:38.837Z,3,11.29381548,55.33490444,11.37298313,55.36539412,11.33701138,55.34894416
97729,7359,Kirke Stillinge,2023-03-24T22:28:38.837Z,2023-03-24T22:28:38.837Z,4,11.18598662,55.37620367,11.30607146,55.47571491,11.24078988,55.43323975
93536,7360,Vemmelev,2023-03-24T22:28:38.837Z,2023-03-24T22:28:38.837Z,4,11.20756803,55.32409915,11.2926079,55.39574287,11.25634546,55.37671762
92570,7361,Hemmeshøj,2023-03-24T22:28:38.837Z,2023-03-24T22:28:38.837Z,4,11.25182412,55.30593436,11.31990958,55.3822215,11.27713881,55.33633038
92646,7362,Boeslunde,2023-03-24T22:28:38.837Z,2023-03-24T22:28:38.837Z,4,11.19805563,55.25996719,11.30579497,55.33016173,11.25130931,55.30538577
109941,7363,Ringsted,2023-03-24T22:28:38.837Z,2023-03-24T22:28:38.837Z,3,11.73303352,55.39019982,11.87628677,55.48771561,11.81112423,55.43513078
109888,7364,Benløse,2023-03-24T22:28:38.837Z,2023-03-24T22:28:38.837Z,3,11.757281,55.45177176,11.8504243,55.48648663,11.81218551,55.46874981
110276,7367,Jystrup,2023-03-24T22:28:38.837Z,2023-03-24T22:28:38.837Z,3,11.85041053,55.49733518,11.9185583,55.55488515,11.89235931,55.52719169
109943,7368,Valsølille,2024-05-21T21:01:23.492Z,2024-05-21T21:01:23.492Z,4,11.80016739,55.49531192,11.87632828,55.56459036,11.83702789,55.5346426
109944,7369,Vigersted,2023-03-24T22:28:38.837Z,2023-03-24T22:28:38.837Z,3,11.83385023,55.45909718,11.9434003,55.51950965,11.89410892,55.4911982
109939,7370,Kværkeby,2023-03-24T22:28:38.837Z,2023-03-24T22:28:38.837Z,3,11.83323407,55.41985807,11.94670199,55.47952308,11.88038956,55.45660997
109940,7371,Nordrupøster,2023-03-24T22:28:38.837Z,2023-03-24T22:28:38.837Z,3,11.81879529,55.39582589,11.960541,55.43978894,11.92261764,55.42111608
106651,7372,Farendløse,2025-05-27T21:03:24.749Z,2025-05-27T21:03:24.749Z,5,11.83560061,55.37567519,11.91580592,55.41093276,11.88448084,55.39399344
106653,7373,Vetterslev,2023-03-24T22:28:38.837Z,2023-03-24T22:28:38.837Z,5,11.72754299,55.3676488,11.81359887,55.40882725,11.79141957,55.3809194
109937,7374,Høm,2023-03-24T22:28:38.837Z,2023-03-24T22:28:38.837Z,4,11.73055791,55.38973195,11.80738428,55.42106647,11.78347836,55.40644455
106650,7375,Øde Førslev,2023-03-24T22:28:38.837Z,2023-03-24T22:28:38.837Z,3,11.86423626,55.33135672,11.95969483,55.3703138,11.91337657,55.35192805
106652,7376,Sneslev,2025-05-27T21:03:24.749Z,2025-05-27T21:03:24.749Z,5,11.80465082,55.35101245,11.89590285,55.39592267,11.85347324,55.37449472
105083,7377,Terslev,2024-01-29T22:05:34.069Z,2024-01-29T22:05:34.069Z,6,11.92544597,55.33144815,12.0675775,55.40601786,11.99669162,55.37837238
106654,7378,Ørslev,2023-03-24T22:28:38.837Z,2023-03-24T22:28:38.837Z,4,11.88831569,55.36425559,11.98034143,55.41112233,11.92327181,55.38543862
105081,7379,Haslev,2023-03-24T22:28:38.837Z,2023-03-24T22:28:38.837Z,4,11.9085764,55.29343439,12.03242026,55.34720109,11.96158559,55.32576375
105080,7380,Freerslev,2023-03-24T22:28:38.837Z,2023-03-24T22:28:38.837Z,3,11.98870498,55.31322531,12.06273163,55.36014479,12.02094036,55.33346776
106649,7381,Teestrup,2023-03-24T22:28:38.837Z,2023-03-24T22:28:38.837Z,6,11.82983141,55.28060728,11.92601458,55.34397377,11.8789907,55.3046944
105079,7382,Bråby,2023-03-24T22:28:38.837Z,2023-03-24T22:28:38.837Z,4,11.89587547,55.26045217,12.00340262,55.31353227,11.93940392,55.29027247
96039,7383,Sorø,2023-03-24T22:28:38.837Z,2023-03-24T22:28:38.837Z,4,11.53358129,55.4273282,11.57943319,55.45048701,11.56298758,55.43783891
96037,7384,Pedersborg,2023-03-24T22:28:38.837Z,2023-03-24T22:28:38.837Z,5,11.50238797,55.4203936,11.59527982,55.48492078,11.55877309,55.46381156
96928,7385,Kindertofte,2023-03-24T22:28:38.837Z,2023-03-24T22:28:38.837Z,4,11.43389129,55.40031356,11.51740856,55.46530209,11.48441205,55.43398256
91420,7386,Lynge,2023-03-24T22:28:38.837Z,2023-03-24T22:28:38.837Z,4,11.47359672,55.36210873,11.59602368,55.44503156,11.54924491,55.39561694
91443,7387,Vester Broby,2023-03-24T22:28:38.837Z,2023-03-24T22:28:38.837Z,3,11.57845342,55.37255925,11.65571865,55.41533798,11.61528312,55.3907599
96032,7388,Alsted,2023-03-24T22:28:38.837Z,2023-03-24T22:28:38.837Z,3,11.59129715,55.38646877,11.70864816,55.42852004,11.66432442,55.40987879
96036,7389,Fjenneslev,2023-03-24T22:28:38.837Z,2023-03-24T22:28:38.837Z,3,11.6379362,55.41814678,11.7120349,55.46490334,11.66982428,55.4401227
96038,7390,Slaglille,2023-03-24T22:28:38.837Z,2023-03-24T22:28:38.837Z,3,11.56678581,55.40957183,11.65192211,55.46525994,11.61138332,55.4386792
96033,7391,Bjernede,2023-03-24T22:28:38.837Z,2023-03-24T22:28:38.837Z,3,11.56935367,55.45239844,11.66603621,55.49402019,11.61596092,55.47617396
113000,7392,Blistrup,2023-03-24T22:28:38.837Z,2023-03-24T22:28:38.837Z,4,12.15702903,56.07084433,12.2646991,56.12477503,12.20720299,56.09602057
116985,7393,Vejby,2023-03-24T22:28:38.837Z,2023-03-24T22:28:38.837Z,6,12.0946183,56.03341116,12.20446484,56.10049686,12.14124193,56.06432506
116976,7394,Tibirke,2023-03-24T22:28:38.837Z,2023-03-24T22:28:38.837Z,4,12.00587704,55.99170545,12.12121513,56.07463976,12.07981125,56.04290224
116974,7395,Ramløse,2023-03-24T22:28:38.837Z,2023-03-24T22:28:38.837Z,4,12.05913846,55.9853504,12.18144424,56.04836911,12.11134677,56.01082117
115747,7396,Annisse,2023-03-24T22:28:38.837Z,2023-03-24T22:28:38.837Z,3,12.12570474,55.96717609,12.22455767,56.01195031,12.17488656,55.9880294
115742,7399,Kregme,2023-03-24T22:28:38.837Z,2023-03-24T22:28:38.837Z,3,12.00832526,55.92755168,12.12901336,56.00332102,12.08661814,55.97680891
115746,7400,Ølsted,2023-03-24T22:28:38.837Z,2023-03-24T22:28:38.837Z,3,12.03548536,55.87746505,12.12005438,55.95022565,12.07451521,55.90920449
115123,7401,Tjæreby,2023-03-24T22:28:38.837Z,2023-03-24T22:28:38.837Z,5,12.1806328,55.90054793,12.26265714,55.95331351,12.20618465,55.922164
115086,7402,Alsønderup,2023-03-24T22:28:38.837Z,2023-03-24T22:28:38.837Z,4,12.16845744,55.94333872,12.27433453,55.99484222,12.23065933,55.96681889
115753,7403,Skævinge,2023-03-24T22:28:38.837Z,2023-03-24T22:28:38.837Z,4,12.11318357,55.88997002,12.18686705,55.9294521,12.16054751,55.91127944
115752,7404,Lille Lyngby,2023-03-24T22:28:38.837Z,2023-03-24T22:28:38.837Z,3,12.0782656,55.91141158,12.22295651,55.97362667,12.13730728,55.94683828
116424,7405,Strø,2023-03-24T22:28:38.837Z,2023-03-24T22:28:38.837Z,4,12.08604848,55.86561827,12.1789482,55.90866082,12.13664561,55.88540025
114902,7406,Gørløse,2023-03-24T22:28:38.837Z,2023-03-24T22:28:38.837Z,7,12.16873094,55.86517391,12.23966563,55.91147726,12.19744643,55.88520968
115744,7407,Melby,2023-03-24T22:28:38.837Z,2023-03-24T22:28:38.837Z,3,11.92565154,55.96119791,12.04572991,56.03288697,11.97798791,55.99884709
116731,7408,Torup,2023-03-24T22:28:38.837Z,2023-03-24T22:28:38.837Z,4,11.65776067,55.93754249,11.98782421,56.20520188,11.91242014,55.96956273
110870,7409,Ølstykke,2023-03-24T22:28:38.837Z,2023-03-24T22:28:38.837Z,6,12.10730052,55.75522533,12.20024889,55.80618912,12.16097314,55.78148723
108407,7410,Stenløse,2023-03-24T22:28:38.837Z,2023-03-24T22:28:38.837Z,5,12.14725355,55.74413146,12.27872885,55.80072364,12.24282987,55.77561573
108408,7411,Veksø,2023-03-24T22:28:38.837Z,2023-03-24T22:28:38.837Z,3,12.20615628,55.73535415,12.27544292,55.7677306,12.2392988,55.75005387
108406,7412,Slagslunde,2023-03-24T22:28:38.837Z,2023-03-24T22:28:38.837Z,3,12.18672648,55.78917548,12.25810916,55.82879922,12.21292093,55.80887412
108405,7413,Ganløse,2023-03-24T22:28:38.837Z,2023-03-24T22:28:38.837Z,3,12.22921047,55.75614654,12.33812296,55.82199781,12.28037932,55.80090227
114797,7414,Farum,2023-03-24T22:28:38.837Z,2023-03-24T22:28:38.837Z,3,12.31190864,55.79900346,12.42925959,55.85292171,12.37095551,55.82218843
115088,7415,Hillerød,2023-03-24T22:28:38.837Z,2023-03-24T22:28:38.837Z,12,12.28836145,55.91183524,12.31654831,55.94354936,12.3042053,55.92746703
114899,7416,Nørre Herlev,2023-03-24T22:28:38.837Z,2023-03-24T22:28:38.837Z,4,12.2035311,55.87323911,12.3567425,55.925608,12.23677562,55.90219618
115115,7417,Præstevang,2023-03-24T22:28:38.837Z,2023-03-24T22:28:38.837Z,4,12.30605927,55.89199394,12.37195716,55.94427666,12.32571403,55.92940965
116212,7418,Frederikssund,2023-03-24T22:28:38.837Z,2023-03-24T22:28:38.837Z,4,12.03994313,55.82492357,12.10656888,55.84755791,12.06759315,55.83759375
116220,7419,Oppe Sundby,2023-03-24T22:28:38.837Z,2023-03-24T22:28:38.837Z,3,12.05634147,55.79707961,12.12936948,55.83562915,12.08637523,55.81858651
116223,7420,Snostrup,2023-03-24T22:28:38.837Z,2023-03-24T22:28:38.837Z,3,12.06608213,55.77418286,12.13576597,55.81741361,12.10636278,55.79972897
116566,7421,Slangerup,2023-03-24T22:28:38.837Z,2023-03-24T22:28:38.837Z,8,12.11094322,55.83154768,12.2287896,55.88101221,12.17226638,55.85869347
114903,7422,Uvelse,2023-03-24T22:28:38.837Z,2023-03-24T22:28:38.837Z,7,12.19758406,55.83143958,12.28063966,55.8845236,12.24805103,55.86570973
116214,7423,Græse,2023-03-24T22:28:38.837Z,2023-03-24T22:28:38.837Z,4,12.05537936,55.84889999,12.12579369,55.87449318,12.09980252,55.85993295
116222,7424,Sigerslevvester,2023-03-24T22:28:38.837Z,2023-03-24T22:28:38.837Z,4,12.06399596,55.86743843,12.12220605,55.89540031,12.08552305,55.88094007
114741,7425,Lynge,2023-03-24T22:28:38.837Z,2023-03-24T22:28:38.837Z,5,12.25933149,55.82802703,12.3314764,55.88582281,12.28995606,55.85199796
114758,7426,Uggeløse,2023-03-24T22:28:38.837Z,2023-03-24T22:28:38.837Z,6,12.20602777,55.81164111,12.3561188,55.85616322,12.24886226,55.83351045
116535,7427,Jørlunde,2023-03-24T22:28:38.837Z,2023-03-24T22:28:38.837Z,5,12.09731976,55.78641698,12.2127503,55.85203358,12.15959367,55.82140171
113004,7428,Esbønderup,2024-02-05T22:01:25.064Z,2024-02-05T22:01:25.064Z,5,12.26148552,55.99651207,12.40858281,56.07417658,12.3548325,56.03097761
115091,7429,Nødebo,2023-03-24T22:28:38.837Z,2023-03-24T22:28:38.837Z,5,12.27722732,55.94078415,12.37768224,56.00534777,12.33809593,55.98685275
113085,7430,Søborg,2024-09-23T21:06:44.109Z,2024-09-23T21:06:44.109Z,5,12.29579425,56.05616116,12.3881321,56.12128737,12.33926788,56.08896583
113421,7431,Gilleleje,2023-03-24T22:28:38.837Z,2023-03-24T22:28:38.837Z,4,12.24760034,56.10250646,12.34862698,56.13146191,12.29707608,56.11933248
113022,7432,Græsted,2024-09-23T21:06:44.109Z,2024-09-23T21:06:44.109Z,9,12.23188979,56.03755828,12.3155371,56.12648473,12.27192495,56.0915211
113168,7433,Mårum,2023-06-23T21:06:37.280Z,2023-06-23T21:06:37.280Z,6,12.23355673,55.98615755,12.3160437,56.04569479,12.2775823,56.02635842
113151,7434,Helsinge,2023-03-24T22:28:38.837Z,2023-03-24T22:28:38.837Z,4,12.15286092,55.98851341,12.25610919,56.05455105,12.20983944,56.01765522
113201,7435,Valby,2023-06-23T21:06:37.280Z,2023-06-23T21:06:37.280Z,6,12.17738305,56.02453371,12.28604767,56.08452119,12.22596615,56.05705097
115087,7436,Frederiksborg Slotssogn,2023-03-24T22:28:38.837Z,2023-03-24T22:28:38.837Z,18,12.24960852,55.89578023,12.32573999,55.95960824,12.27718532,55.91793907
112229,7437,Sankt Olai,2024-10-22T21:04:04.354Z,2024-10-22T21:04:04.354Z,7,12.5856882,56.01851492,12.62074752,56.04255926,12.60557243,56.032947
112227,7438,Sankt Mariæ,2023-03-24T22:28:38.837Z,2023-03-24T22:28:38.837Z,6,12.5334945,56.03396412,12.62663258,56.06417946,12.56137839,56.04964732
112232,7439,Vestervang,2023-03-24T22:28:38.837Z,2023-03-24T22:28:38.837Z,6,12.55214962,56.01729507,12.59920802,56.04628234,12.57232968,56.03299853
112231,7440,Tikøb,2024-02-05T22:01:25.064Z,2024-02-05T22:01:25.064Z,7,12.38561019,55.98101872,12.52392479,56.05833214,12.42958149,56.0346766
112223,7441,Hornbæk,2024-11-11T22:06:14.416Z,2024-11-11T22:06:14.416Z,6,12.40002428,56.04600283,12.51659509,56.09774296,12.45304349,56.07418954
112222,7442,Hellebæk,2024-11-11T22:06:14.416Z,2024-11-11T22:06:14.416Z,9,12.49282954,56.02311066,12.58257784,56.08844631,12.53367181,56.06590752
112219,7443,Egebæksvang,2024-02-05T22:01:25.064Z,2024-02-05T22:01:25.064Z,7,12.54431776,55.97567218,12.59720536,56.0162714,12.55785432,55.99662293
113520,7446,Humlebæk,2024-02-05T22:01:25.064Z,2024-02-05T22:01:25.064Z,7,12.4719515,55.93966387,12.54953879,55.98900841,12.51734669,55.96338908
113928,7448,Bistrup,2023-03-24T22:28:38.837Z,2023-03-24T22:28:38.837Z,7,12.3904988,55.81163272,12.45418319,55.84677782,12.4348684,55.8242123
114622,7449,Blovstrød,2024-02-05T22:01:25.064Z,2024-02-05T22:01:25.064Z,11,12.34665801,55.83670176,12.481174,55.9045073,12.3902037,55.86732074
114623,7450,Lillerød,2023-03-24T22:28:38.837Z,2023-03-24T22:28:38.837Z,5,12.30794961,55.86012638,12.38198732,55.90084858,12.34517467,55.88253191
113932,7451,Hørsholm,2023-03-24T22:28:38.837Z,2023-03-24T22:28:38.837Z,11,12.46994475,55.86179865,12.54595446,55.90223965,12.51190025,55.87404925
113589,7452,Karlebo,2024-02-05T22:01:25.064Z,2024-02-05T22:01:25.064Z,6,12.36250593,55.88342973,12.53059284,55.95078827,12.45211559,55.91627985
116291,7453,Gerlev,2023-03-24T22:28:38.837Z,2023-03-24T22:28:38.837Z,6,11.94377902,55.79658725,12.05529546,55.84610701,12.00820223,55.82026799
116286,7454,Dråby,2023-03-24T22:28:38.837Z,2023-03-24T22:28:38.837Z,5,11.94574532,55.82715694,12.03747249,55.90125625,11.98437067,55.84858532
110867,7455,Skibby,2023-03-24T22:28:38.837Z,2023-03-24T22:28:38.837Z,3,11.91854529,55.72942811,12.01194637,55.7771589,11.96608489,55.75445558
112098,7456,Ferslev,2023-03-24T22:28:38.837Z,2023-03-24T22:28:38.837Z,3,11.84425895,55.73047133,11.94450773,55.80602635,11.89189877,55.76757676
112099,7457,Vellerup,2023-03-24T22:28:38.837Z,2023-03-24T22:28:38.837Z,3,11.85400842,55.73477128,11.89074101,55.75123269,11.86946555,55.74424834
110868,7458,Skuldelev,2023-03-24T22:28:38.837Z,2023-03-24T22:28:38.837Z,4,11.96762386,55.76081087,12.06384661,55.8062099,12.02330085,55.78515634
110866,7459,Selsø,2023-03-24T22:28:38.837Z,2023-03-24T22:28:38.837Z,3,11.98695585,55.71239133,12.10256629,55.78010637,12.02572331,55.74602742
111759,7460,Kyndby,2023-03-24T22:28:38.837Z,2023-03-24T22:28:38.837Z,3,11.87324349,55.7833857,11.94348797,55.82134965,11.91825365,55.80528105
110864,7461,Krogstrup,2023-03-24T22:28:38.837Z,2023-03-24T22:28:38.837Z,4,11.91608812,55.76686811,12.00201157,55.827005,11.94242863,55.78025089
91235,7463,Tyvelse,2023-03-24T22:28:38.837Z,2023-03-24T22:28:38.837Z,3,11.65608735,55.36963461,11.73003715,55.39841882,11.68751396,55.38741506
106647,7464,Sandby,2023-03-24T22:28:38.837Z,2023-03-24T22:28:38.837Z,4,11.7179363,55.3521807,11.78859537,55.39881757,11.74529054,55.37565865
109748,7465,Vrangstrup,2023-03-24T22:28:38.837Z,2023-03-24T22:28:38.837Z,4,11.68659185,55.38778279,11.74266208,55.41005065,11.70335641,55.39836095
104016,7466,Præstø,2024-11-08T22:02:16.233Z,2024-11-08T22:02:16.233Z,7,12.00473413,55.11100668,12.07100601,55.14701097,12.0264396,55.13446653
115138,7467,Ullerød,2023-03-24T22:28:38.837Z,2023-03-24T22:28:38.837Z,6,12.24029921,55.93325406,12.28190237,55.95598116,12.26077318,55.94511013
104017,7468,Skibinge,2023-03-24T22:28:38.837Z,2023-03-24T22:28:38.837Z,4,12.00992791,55.09377933,12.11632231,55.13224931,12.07425808,55.11230031
104505,7469,Vordingborg,2023-06-07T21:02:29.192Z,2023-06-07T21:02:29.192Z,11,11.60945972,54.96782243,12.01569365,55.08332895,11.97896404,54.99934479
104502,7470,Kastrup,2023-03-24T22:28:38.837Z,2023-03-24T22:28:38.837Z,4,11.81701627,55.0021047,11.9489031,55.06381216,11.85827462,55.03230663
104015,7471,Jungshoved,2023-03-24T22:28:38.837Z,2023-03-24T22:28:38.837Z,3,12.09026038,55.06573077,12.18525747,55.13251455,12.13682969,55.10202404
103639,7472,Everdrup,2023-03-24T22:28:38.837Z,2023-03-24T22:28:38.837Z,3,11.8761398,55.16447727,12.05142184,55.22731469,11.98611431,55.20563554
104746,7473,Snesere,2023-03-24T22:28:38.837Z,2023-03-24T22:28:38.837Z,3,11.89642628,55.1308288,12.03091125,55.19764147,11.94701445,55.17344212
104014,7474,Bårse,2025-01-31T22:02:07.049Z,2025-01-31T22:02:07.049Z,4,11.8942571,55.10883634,12.00399973,55.15615264,11.96518084,55.12638641
103725,7475,Beldringe,2024-11-08T22:02:16.233Z,2024-11-08T22:02:16.233Z,6,11.92542829,55.06996219,12.02972458,55.14772715,11.97252443,55.09640201
104496,7476,Allerslev,2023-03-24T22:28:38.837Z,2023-03-24T22:28:38.837Z,3,11.97946442,55.05768913,12.12798138,55.10269284,12.04046748,55.08195354
104497,7477,Udby,2023-03-24T22:28:38.837Z,2023-03-24T22:28:38.837Z,3,11.90201567,55.05568296,11.9886541,55.11612571,11.95484208,55.07297834
104498,7478,Ørslev,2023-03-24T22:28:38.837Z,2023-03-24T22:28:38.837Z,4,11.91440788,55.00996322,11.99716399,55.06551739,11.96560805,55.04439333
104030,7479,Øster Egesborg,2023-03-24T22:28:38.837Z,2023-03-24T22:28:38.837Z,6,11.97054801,54.99513777,12.08080584,55.07295531,12.0257219,55.02632685
104029,7480,Mern,2023-03-24T22:28:38.837Z,2023-03-24T22:28:38.837Z,4,12.03561445,55.00707481,12.14660198,55.07165784,12.09807063,55.05031957
103409,7481,Kalvehave,2023-03-24T22:28:38.837Z,2023-03-24T22:28:38.837Z,4,12.06812603,54.96602686,12.1742503,55.04211461,12.1239795,55.01412148
103585,7483,Stege,2024-05-28T21:01:26.357Z,2024-05-28T21:01:26.357Z,5,12.16313361,54.93634789,12.34306986,55.06339283,12.28743676,54.95339183
103415,7485,Nyord,2018-07-10T21:09:46.035Z,2018-07-10T21:09:46.035Z,3,12.17928275,55.03206451,12.27455975,55.08901689,12.2110994,55.04546909
103413,7486,Keldby,2024-05-28T21:01:26.357Z,2024-05-28T21:01:26.357Z,4,12.3114906,54.9566539,12.39021694,55.0250061,12.33680235,55.00727463
103398,7487,Elmelunde,2023-03-24T22:28:38.837Z,2023-03-24T22:28:38.837Z,3,12.30976419,54.96214766,12.42672401,55.02919613,12.38576372,55.01422987
103235,7488,Borre,2023-03-24T22:28:38.837Z,2023-03-24T22:28:38.837Z,3,12.40090543,54.96211493,12.48011764,55.02517908,12.44290036,54.98858842
103399,7489,Magleby,2023-03-24T22:28:38.837Z,2023-03-24T22:28:38.837Z,3,12.41702757,54.94221903,12.55762406,55.01972634,12.51148449,54.96710423
100299,7490,Damsholte,2023-03-24T22:28:38.837Z,2023-03-24T22:28:38.837Z,4,12.1158701,54.8973001,12.28497205,54.9728322,12.23885766,54.9354685
100371,7491,Fanefjord,2023-03-24T22:28:38.837Z,2023-03-24T22:28:38.837Z,3,12.09715596,54.87711993,12.23715943,54.94505795,12.18156156,54.89789563
109455,7492,Lellinge,2023-03-24T22:28:38.837Z,2023-03-24T22:28:38.837Z,5,12.05700621,55.43597311,12.15499602,55.47250231,12.09190456,55.45712283
102558,7493,Lille Heddinge,2023-03-24T22:28:38.837Z,2023-03-24T22:28:38.837Z,4,12.35274231,55.25052576,12.42479862,55.28671492,12.39844745,55.26888749
102602,7494,Havnelev,2023-03-24T22:28:38.837Z,2023-03-24T22:28:38.837Z,4,12.32076786,55.24418637,12.38401742,55.28165332,12.35498216,55.26486468
102867,7495,Magleby Stevns,2023-03-24T22:28:38.837Z,2023-03-24T22:28:38.837Z,4,12.29919618,55.33117263,12.40106161,55.40076702,12.35665668,55.37981253
102437,7496,Holtug,2023-03-24T22:28:38.837Z,2023-03-24T22:28:38.837Z,4,12.33964651,55.33089493,12.45826581,55.378663,12.39907394,55.35096926
103218,7497,Strøby,2023-03-24T22:28:38.837Z,2023-03-24T22:28:38.837Z,3,12.21064107,55.35921629,12.33760199,55.42748642,12.30255099,55.38573801
103219,7498,Varpelev,2023-03-24T22:28:38.837Z,2023-03-24T22:28:38.837Z,4,12.25739057,55.33897539,12.3057388,55.36586631,12.28428382,55.35182856
105929,7499,Toksværd,2023-03-24T22:28:38.837Z,2023-03-24T22:28:38.837Z,5,11.85498248,55.21270573,11.98568892,55.28905218,11.90752571,55.24824765
105935,7500,Rønnebæk,2024-11-11T22:06:14.416Z,2024-11-11T22:06:14.416Z,4,11.75268426,55.18132707,11.83533419,55.23654983,11.80160041,55.2007929
105934,7501,Holme-Olstrup,2023-03-24T22:28:38.837Z,2023-03-24T22:28:38.837Z,5,11.78307542,55.22593156,11.88639982,55.30301904,11.83943613,55.26164344
105922,7502,Næstelsø,2023-03-24T22:28:38.837Z,2023-03-24T22:28:38.837Z,2,11.82352474,55.19189941,11.9054997,55.23487392,11.85620565,55.21381307
104684,7503,Mogenstrup,2024-05-28T21:01:26.357Z,2024-05-28T21:01:26.357Z,7,11.81477114,55.15786415,11.91248714,55.20018742,11.86040564,55.18499741
104773,7504,Vejlø,2024-11-11T22:06:14.416Z,2024-11-11T22:06:14.416Z,5,11.67217938,55.12170872,11.8081176,55.20555371,11.76366707,55.17134272
104748,7505,Vester Egesborg,2024-05-21T21:01:23.492Z,2024-05-21T21:01:23.492Z,4,11.77019659,55.13879759,11.84755361,55.19193495,11.80970281,55.16171748
104683,7506,Hammer,2024-05-28T21:01:26.357Z,2024-05-28T21:01:26.357Z,6,11.81385626,55.11313429,11.92973021,55.17967343,11.86329286,55.14490638
105032,7507,Lundby,2025-01-31T22:02:07.049Z,2025-01-31T22:02:07.049Z,4,11.83585051,55.09555864,11.91891231,55.1344008,11.87904842,55.11387081
104901,7508,Køng,2023-03-24T22:28:38.837Z,2023-03-24T22:28:38.837Z,3,11.75697927,55.07083937,11.85871694,55.13342092,11.82806079,55.09699963
104504,7509,Sværdborg,2023-03-24T22:28:38.837Z,2023-03-24T22:28:38.837Z,4,11.807478,55.04509448,11.93794741,55.10550424,11.88266782,55.07723706
106129,7510,Sankt Peders,2024-05-24T21:01:20.688Z,2024-05-24T21:01:20.688Z,8,11.71785741,55.21214684,11.79927789,55.24084752,11.78584039,55.22871471
105937,7511,Sankt Mortens,2024-05-24T21:01:20.688Z,2024-05-24T21:01:20.688Z,7,11.69993714,55.19454384,11.79183748,55.23254795,11.73897515,55.20782099
105498,7512,Vester Egede,2023-03-24T22:28:38.837Z,2023-03-24T22:28:38.837Z,4,11.93071464,55.24086112,12.02752236,55.27964779,11.96388289,55.26536798
106645,7513,Aversi,2023-03-24T22:28:38.837Z,2023-03-24T22:28:38.837Z,3,11.82261871,55.32544888,11.88858554,55.36127096,11.85322578,55.34477079
106648,7514,Tybjerg,2023-03-24T22:28:38.837Z,2023-03-24T22:28:38.837Z,3,11.74253765,55.31293757,11.86247133,55.37301701,11.79777556,55.34625998
106646,7515,Herlufmagle,2023-03-24T22:28:38.837Z,2023-03-24T22:28:38.837Z,4,11.7100997,55.28405401,11.85411559,55.35615393,11.76386602,55.31175761
105926,7516,Fensmark,2023-03-24T22:28:38.837Z,2023-03-24T22:28:38.837Z,3,11.77668457,55.25939517,11.8314812,55.29275115,11.8042711,55.27752956
105933,7517,Rislev,2023-03-24T22:28:38.837Z,2023-03-24T22:28:38.837Z,6,11.70124293,55.26209262,11.78549552,55.31098154,11.73224947,55.28173219
91204,7518,Skelby,2023-03-24T22:28:38.837Z,2023-03-24T22:28:38.837Z,5,11.65786061,55.27241033,11.72815427,55.33887062,11.69852684,55.31509934
101562,7521,Bogø,2018-04-30T15:23:13.528Z,2015-06-18T19:50:06.959Z,2,11.97964463,54.90565059,12.10249239,54.95747364,12.05627573,54.92596633
105492,7522,Faxe,2023-03-24T22:28:38.837Z,2023-03-24T22:28:38.837Z,3,12.06138504,55.20960801,12.17682637,55.30865824,12.11201875,55.25056554
102596,7523,Hylleholt,2023-03-24T22:28:38.837Z,2023-03-24T22:28:38.837Z,3,12.1107299,55.20066623,12.19881336,55.26927658,12.14186004,55.21956603
102598,7524,Spjellerup,2023-03-24T22:28:38.837Z,2023-03-24T22:28:38.837Z,3,12.18560846,55.25212324,12.25258589,55.29164794,12.22175945,55.27212532
102597,7525,Smerup,2023-03-24T22:28:38.837Z,2023-03-24T22:28:38.837Z,3,12.21496134,55.23737865,12.28871803,55.29458049,12.2627114,55.26470288
102864,7526,Hellested,2023-03-24T22:28:38.837Z,2023-03-24T22:28:38.837Z,5,12.21201289,55.28466739,12.32936339,55.34730223,12.26802818,55.3209643
102599,7527,Vemmetofte,2023-03-24T22:28:38.837Z,2023-03-24T22:28:38.837Z,3,12.18313762,55.2226755,12.25405107,55.26852324,12.22600774,55.24886488
102861,7528,Karise,2023-03-24T22:28:38.837Z,2023-03-24T22:28:38.837Z,3,12.125794,55.28937283,12.24558429,55.34352656,12.18799563,55.31349851
102859,7529,Alslev,2023-03-24T22:28:38.837Z,2023-03-24T22:28:38.837Z,3,12.13266781,55.25721324,12.22027117,55.30104915,12.18405112,55.27935715
105496,7530,Sønder Dalby,2023-03-24T22:28:38.837Z,2023-03-24T22:28:38.837Z,3,12.01997839,55.27882952,12.13409208,55.34123418,12.06484268,55.31205911
105914,7531,Tureby,2024-05-21T21:01:23.492Z,2024-05-21T21:01:23.492Z,4,12.0424785,55.32510682,12.1581073,55.37756964,12.08865255,55.34599285
105497,7532,Ulse,2023-03-24T22:28:38.837Z,2023-03-24T22:28:38.837Z,3,11.98474583,55.26261166,12.05412029,55.30275339,12.02282326,55.28323538
105503,7533,Øster Egede,2023-03-24T22:28:38.837Z,2023-03-24T22:28:38.837Z,3,12.06868398,55.26718598,12.13662959,55.32705348,12.09904456,55.28644971
105494,7534,Kongsted,2023-03-24T22:28:38.837Z,2023-03-24T22:28:38.837Z,4,11.96746449,55.1711093,12.08703192,55.28596395,12.03234137,55.23338454
105493,7535,Roholte,2023-03-24T22:28:38.837Z,2023-03-24T22:28:38.837Z,3,12.04702458,55.13218814,12.1461984,55.22247424,12.09380602,55.19494668
109570,7536,Lidemark,2023-03-24T22:28:38.837Z,2023-03-24T22:28:38.837Z,3,12.02723762,55.40823277,12.09478375,55.45009354,12.06904417,55.42861327
109567,7537,Bjæverskov,2025-01-30T22:03:16.627Z,2025-01-30T22:03:16.627Z,6,11.96308369,55.4314221,12.07830304,55.48346023,12.02640427,55.45327812
109572,7538,Vollerslev,2024-01-29T22:05:34.069Z,2024-01-29T22:05:34.069Z,5,11.99243177,55.39236876,12.06648683,55.43883328,12.02313006,55.41567613
109568,7539,Gørslev,2025-01-30T22:03:16.627Z,2025-01-30T22:03:16.627Z,5,11.92954594,55.40064963,12.01466463,55.4655913,11.9587514,55.44059922
109397,7540,Herfølge,2023-03-24T22:28:38.837Z,2023-03-24T22:28:38.837Z,8,12.08468324,55.37264113,12.23382551,55.45343628,12.15424663,55.41347232
105070,7541,Sædder,2024-05-21T21:01:23.492Z,2024-05-21T21:01:23.492Z,5,12.0298059,55.35798776,12.14476902,55.4253791,12.09103143,55.38890539
108458,7542,Valløby,2023-03-24T22:28:38.837Z,2023-03-24T22:28:38.837Z,3,12.18602203,55.37915589,12.26025387,55.4173148,12.22105516,55.39879594
102874,7543,Tårnby,2023-03-24T22:28:38.837Z,2023-03-24T22:28:38.837Z,3,12.22710606,55.36665487,12.28527848,55.3951646,12.2613162,55.37778098
102871,7544,Hårlev,2023-03-24T22:28:38.837Z,2023-03-24T22:28:38.837Z,3,12.12775802,55.31283537,12.28229651,55.37404831,12.236959,55.35159923
102870,7545,Himlingøje,2023-03-24T22:28:38.837Z,2023-03-24T22:28:38.837Z,3,12.18697933,55.3616119,12.25123291,55.38827557,12.22063357,55.37410478
102869,7546,Endeslev,2023-03-24T22:28:38.837Z,2023-03-24T22:28:38.837Z,3,12.13502999,55.34190352,12.22466799,55.38138912,12.18959159,55.36011897
102875,7547,Vråby,2023-03-24T22:28:38.837Z,2023-03-24T22:28:38.837Z,3,12.1046686,55.33427196,12.18858747,55.37383171,12.12355653,55.3603244
102438,7548,Store Heddinge,2023-03-24T22:28:38.837Z,2023-03-24T22:28:38.837Z,3,12.31176179,55.27493768,12.45910418,55.34124786,12.3858424,55.31004824
102557,7549,Højerup,2023-03-24T22:28:38.837Z,2023-03-24T22:28:38.837Z,3,12.41539024,55.26631085,12.45327039,55.29649232,12.43197728,55.28229011
102793,7550,Lyderslev,2023-03-24T22:28:38.837Z,2023-03-24T22:28:38.837Z,4,12.25918303,55.23527308,12.36459656,55.29891698,12.31000391,55.25309481
102862,7551,Frøslev,2023-03-24T22:28:38.837Z,2023-03-24T22:28:38.837Z,5,12.27915475,55.27036023,12.3647653,55.31224613,12.32880612,55.28975918
118597,7552,Rønne,2023-03-24T22:28:38.837Z,2023-03-24T22:28:38.837Z,7,14.67747222,55.06806711,14.7700754,55.11973317,14.74747766,55.07811247
118531,7553,Knudsker,2023-03-24T22:28:38.837Z,2023-03-24T22:28:38.837Z,6,14.69407415,55.08373475,14.79564233,55.14413819,14.75015186,55.1070813
119189,7554,Vestermarie,2024-05-27T21:01:23.728Z,2024-05-27T21:01:23.728Z,7,14.75512228,55.03422471,14.98620067,55.15072531,14.83443073,55.11845383
118898,7555,Nylarsker,2024-05-27T21:01:23.728Z,2024-05-27T21:01:23.728Z,6,14.72899379,55.04403077,14.86831502,55.10303865,14.79330423,55.07256872
120763,7556,Nyker,2023-03-24T22:28:38.837Z,2023-03-24T22:28:38.837Z,5,14.70128345,55.12273173,14.81552582,55.17214778,14.75176894,55.14533949
120760,7557,Hasle,2023-03-24T22:28:38.837Z,2023-03-24T22:28:38.837Z,5,14.69322205,55.15134279,14.74645885,55.20072551,14.72240653,55.16897053
120762,7558,Rutsker,2023-03-24T22:28:38.837Z,2023-03-24T22:28:38.837Z,5,14.70081899,55.17613716,14.87598455,55.26378453,14.74196322,55.21363391
120782,7559,Olsker,2023-03-24T22:28:38.837Z,2023-03-24T22:28:38.837Z,5,14.75249537,55.20736152,14.86602416,55.27155124,14.80177276,55.24154102
120781,7560,Allinge-Sandvig,2023-03-24T22:28:38.837Z,2023-03-24T22:28:38.837Z,5,14.74125394,55.24963179,14.82182133,55.30042152,14.77524688,55.27905903
120761,7561,Klemensker,2023-03-24T22:28:38.837Z,2023-03-24T22:28:38.837Z,4,14.72175253,55.12353335,14.91402363,55.22791541,14.80897799,55.18888382
120758,7562,Rø,2023-03-24T22:28:38.837Z,2023-03-24T22:28:38.837Z,3,14.83500293,55.16689976,14.94802437,55.2421292,14.89725041,55.20655585
117620,7563,Ibsker,2023-03-24T22:28:38.837Z,2023-03-24T22:28:38.837Z,4,15.06364083,55.06943273,15.16700905,55.15022074,15.10766614,55.09864911
119767,7564,Svaneke,2023-03-24T22:28:38.837Z,2023-03-24T22:28:38.837Z,4,15.11632429,55.12603166,15.15705602,55.14563536,15.1366873,55.13455839
119278,7565,Østerlarsker,2023-03-24T22:28:38.837Z,2023-03-24T22:28:38.837Z,3,14.88799383,55.13233971,15.02563288,55.21593386,14.95758501,55.17862662
119262,7566,Gudhjem,2023-03-24T22:28:38.837Z,2023-03-24T22:28:38.837Z,3,14.95542668,55.20123904,14.98599256,55.21605203,14.97172165,55.2087316
119383,7567,Østermarie,2023-03-24T22:28:38.837Z,2023-03-24T22:28:38.837Z,3,14.93827501,55.09206759,15.10442834,55.18020365,15.03449422,55.13296887
117530,7568,Christiansø,2018-04-30T15:23:13.528Z,2015-09-01T21:45:59.500Z,3,15.17198871,55.31682453,15.19914101,55.33081105,15.18902826,55.31982366
119190,7569,Aaker,2023-03-24T22:28:38.837Z,2023-03-24T22:28:38.837Z,4,14.83983207,55.0108563,15.02149127,55.11958908,14.94119597,55.0684771
117619,7570,Bodilsker,2023-03-24T22:28:38.837Z,2023-03-24T22:28:38.837Z,4,15.00529943,55.0261806,15.13054969,55.09551168,15.06092615,55.05713585
117621,7571,Nexø,2023-03-24T22:28:38.837Z,2023-03-24T22:28:38.837Z,3,15.09541467,55.04558588,15.14752882,55.07871642,15.12282859,55.06699606
118294,7572,Povlsker,2023-03-24T22:28:38.837Z,2023-03-24T22:28:38.837Z,5,14.99993668,54.98497213,15.13491279,55.10562078,15.05659761,55.01263361
117623,7573,Pedersker,2023-03-24T22:28:38.837Z,2023-03-24T22:28:38.837Z,5,14.92208095,54.99558396,15.03474306,55.10256322,14.9848568,55.02154884
102190,7575,Ønslev,2023-03-24T22:28:38.837Z,2023-03-24T22:28:38.837Z,4,11.79866314,54.81033132,11.88650993,54.86246441,11.8435108,54.84566385
102005,7576,Eskilstrup,2023-03-24T22:28:38.837Z,2023-03-24T22:28:38.837Z,3,11.84031971,54.82457568,11.93884819,54.87184352,11.90958877,54.84262773
102001,7577,Tingsted,2023-03-24T22:28:38.837Z,2023-03-24T22:28:38.837Z,4,11.7924831,54.78094427,11.96241373,54.84795549,11.87763618,54.81328587
100992,7578,Nykøbing F,2023-03-24T22:28:38.837Z,2023-03-24T22:28:38.837Z,5,11.84436759,54.72418354,11.92939222,54.79744047,11.90119925,54.75366331
100586,7579,Idestrup,2023-03-24T22:28:38.837Z,2023-03-24T22:28:38.837Z,5,11.91286596,54.70081956,12.03525467,54.77039325,11.9779715,54.73165196
100588,7580,Væggerløse,2023-03-24T22:28:38.837Z,2023-03-24T22:28:38.837Z,4,11.84568006,54.60285235,11.9818976,54.73248468,11.92673009,54.68597858
100827,7581,Skelby,2023-03-24T22:28:38.837Z,2023-03-24T22:28:38.837Z,3,11.86300137,54.60863218,11.95076596,54.66454893,11.91723243,54.63333798
100822,7582,Gedesby,2018-04-30T15:23:13.528Z,2015-06-18T19:50:06.959Z,2,11.90856668,54.58092535,11.97385386,54.62031837,11.95134858,54.59536753
100581,7583,Sønder Kirkeby,2023-03-24T22:28:38.837Z,2023-03-24T22:28:38.837Z,3,11.94112788,54.75115531,12.01910598,54.79269016,11.97707174,54.76697874
100576,7584,Sønder Alslev,2023-03-24T22:28:38.837Z,2023-03-24T22:28:38.837Z,3,11.99317996,54.74563944,12.06161028,54.78115433,12.02123338,54.76543894
101889,7585,Karleby,2023-03-24T22:28:38.837Z,2023-03-24T22:28:38.837Z,3,12.00623845,54.77230264,12.08172831,54.80217989,12.03871963,54.78936673
101888,7586,Horreby,2023-03-24T22:28:38.837Z,2023-03-24T22:28:38.837Z,5,11.9674923,54.78873739,12.03997593,54.8236076,11.99897891,54.80599452
101891,7587,Nørre Ørslev,2023-03-24T22:28:38.837Z,2023-03-24T22:28:38.837Z,4,11.92691519,54.76816791,11.99654752,54.82853694,11.95478885,54.79585263
100993,7588,Systofte,2023-03-24T22:28:38.837Z,2023-03-24T22:28:38.837Z,4,11.88303101,54.76377727,11.95422366,54.81168361,11.91446959,54.78592447
101887,7589,Horbelev,2023-03-24T22:28:38.837Z,2023-03-24T22:28:38.837Z,4,12.01104307,54.78705884,12.13681248,54.85312392,12.06951987,54.8149411
101886,7590,Falkerslev,2024-11-11T22:06:14.416Z,2024-11-11T22:06:14.416Z,4,11.93118284,54.81714223,12.03508454,54.86304211,11.98141252,54.83993623
101892,7591,Åstrup,2023-03-24T22:28:38.837Z,2023-03-24T22:28:38.837Z,4,12.02939272,54.82134124,12.17017695,54.89431926,12.08876348,54.8683596
88269,7593,Vigsnæs,2023-03-24T22:28:38.837Z,2023-03-24T22:28:38.837Z,3,11.62723744,54.85434766,11.7147462,54.91013105,11.66633319,54.87994515
102191,7594,Majbølle,2023-03-24T22:28:38.837Z,2023-03-24T22:28:38.837Z,4,11.68869167,54.8018713,11.79720389,54.8761451,11.71678588,54.85640595
100994,7596,Toreby,2023-03-24T22:28:38.837Z,2023-03-24T22:28:38.837Z,4,11.68198853,54.71243865,11.8713979,54.80959584,11.78896499,54.76242942
89125,7599,Døllefjelde,2023-03-24T22:28:38.837Z,2023-03-24T22:28:38.837Z,3,11.67211489,54.71321051,11.7388371,54.74440395,11.69329982,54.73231887
89464,7600,Musse,2023-03-24T22:28:38.837Z,2023-03-24T22:28:38.837Z,3,11.62864087,54.70763819,11.68791391,54.74246175,11.65417754,54.72623475
89366,7601,Herritslev,2023-03-24T22:28:38.837Z,2023-03-24T22:28:38.837Z,3,11.62730645,54.64782096,11.7123535,54.71346134,11.67009157,54.68015996
101566,7607,Stubbekøbing,2023-03-24T22:28:38.837Z,2023-03-24T22:28:38.837Z,4,12.00153414,54.87356903,12.06216419,54.89591695,12.03248735,54.88612908
101890,7608,Maglebrænde,2024-11-11T22:06:14.416Z,2024-11-11T22:06:14.416Z,4,11.98295704,54.84628604,12.06581247,54.88757838,12.01815814,54.86656393
101563,7611,Gundslev,2023-03-24T22:28:38.837Z,2023-03-24T22:28:38.837Z,4,11.88381554,54.87736976,11.99069699,54.94169781,11.95188059,54.92156318
102116,7613,Nørre Alslev,2023-03-24T22:28:38.837Z,2023-03-24T22:28:38.837Z,6,11.85037821,54.88540879,11.92990445,54.93952837,11.8814572,54.90968102
102144,7614,Nørre Kirkeby,2023-03-24T22:28:38.837Z,2023-03-24T22:28:38.837Z,3,11.82046741,54.86358705,11.89812888,54.89235591,11.87573824,54.87796775
90650,7626,Halsted,2023-03-24T22:28:38.837Z,2023-03-24T22:28:38.837Z,3,11.17380545,54.82269148,11.30926474,54.88956548,11.22993327,54.84727103
90648,7627,Avnede,2023-03-24T22:28:38.837Z,2023-03-24T22:28:38.837Z,3,11.1511797,54.79961458,11.24337721,54.83814135,11.20634445,54.81991557
90377,7628,Vestenskov,2023-03-24T22:28:38.837Z,2023-03-24T22:28:38.837Z,3,11.04815688,54.74375383,11.1395895,54.8291521,11.09752166,54.79132827
90412,7629,Kappel,2023-03-24T22:28:38.837Z,2023-03-24T22:28:38.837Z,3,10.98255914,54.74812913,11.07223416,54.79279749,11.03914322,54.76843113
90372,7630,Dannemare,2023-03-24T22:28:38.837Z,2023-03-24T22:28:38.837Z,3,11.13668173,54.71737565,11.20928379,54.77652684,11.17428927,54.73805827
90376,7631,Tillitze,2023-03-24T22:28:38.837Z,2023-03-24T22:28:38.837Z,3,11.06826803,54.73138501,11.1797257,54.78245497,11.12191506,54.75537548
90373,7632,Gloslunde,2023-03-24T22:28:38.837Z,2023-03-24T22:28:38.837Z,5,11.19219919,54.69004491,11.29713091,54.76601258,11.23832471,54.72708228
90374,7633,Græshave,2023-03-24T22:28:38.837Z,2023-03-24T22:28:38.837Z,3,11.17710127,54.7519457,11.25813481,54.79461008,11.22119372,54.77784719
89751,7634,Landet,2023-03-24T22:28:38.837Z,2023-03-24T22:28:38.837Z,4,11.24021538,54.73312278,11.33228563,54.79367842,11.27984716,54.75406696
88527,7635,Ryde,2023-03-24T22:28:38.837Z,2023-03-24T22:28:38.837Z,3,11.26651887,54.76465222,11.37662865,54.80560707,11.31720361,54.78935394
88901,7639,Stokkemarke,2023-03-24T22:28:38.837Z,2023-03-24T22:28:38.837Z,3,11.29540445,54.79260962,11.45344124,54.88702875,11.34946169,54.83749491
88573,7640,Vesterborg,2023-03-24T22:28:38.837Z,2023-03-24T22:28:38.837Z,4,11.23484604,54.84385739,11.34381013,54.91310524,11.26729683,54.89126675
88908,7641,Birket,2024-11-08T22:02:16.233Z,2024-11-08T22:02:16.233Z,5,11.28030401,54.86627899,11.38128932,54.92642349,11.32971736,54.90399944
88265,7642,Sakskøbing,2023-03-24T22:28:38.837Z,2023-03-24T22:28:38.837Z,3,11.55722878,54.77718819,11.71370296,54.85791755,11.58678579,54.84346963
88262,7646,Hunseby,2023-03-24T22:28:38.837Z,2023-03-24T22:28:38.837Z,4,11.45710177,54.76898072,11.55811196,54.83433079,11.50943158,54.80530081
89124,7648,Maribo Domsogn,2023-03-24T22:28:38.837Z,2023-03-24T22:28:38.837Z,5,11.45143097,54.75114274,11.55003461,54.79849068,11.497569,54.77196751
89754,7649,Hillested,2023-03-24T22:28:38.837Z,2023-03-24T22:28:38.837Z,4,11.40531909,54.72694718,11.48050825,54.7777861,11.43761101,54.75835007
90041,7650,Skørringe,2023-03-24T22:28:38.837Z,2023-03-24T22:28:38.837Z,3,11.3405732,54.73968325,11.41304968,54.78883714,11.36429112,54.76106018
89750,7659,Holeby,2024-05-21T21:01:23.492Z,2024-05-21T21:01:23.492Z,4,11.42591057,54.69811137,11.49079623,54.7336572,11.46011423,54.71710438
89110,7660,Bursø,2023-03-24T22:28:38.837Z,2023-03-24T22:28:38.837Z,4,11.45279701,54.72807879,11.51543146,54.76362528,11.48948346,54.74416008
90084,7663,Tirsted,2025-01-31T22:02:07.049Z,2025-01-31T22:02:07.049Z,4,11.28067939,54.68809286,11.39666897,54.76435405,11.31321417,54.71266151
90087,7664,Vejleby,2025-01-31T22:02:07.049Z,2025-01-31T22:02:07.049Z,5,11.28331027,54.72187065,11.34886027,54.77614514,11.32341989,54.7489818
88902,7665,Østofte,2023-03-24T22:28:38.837Z,2023-03-24T22:28:38.837Z,4,11.36122974,54.77177917,11.4724901,54.84168236,11.41903759,54.80315412
88905,7666,Bandholm,2023-03-24T22:28:38.837Z,2023-03-24T22:28:38.837Z,4,11.40721174,54.80904497,11.49854795,54.86564741,11.44640532,54.83987512
89108,7667,Fejø,2018-04-30T15:23:13.528Z,2015-06-18T19:50:06.959Z,2,11.33664046,54.91966583,11.47660027,55.04049322,11.44329003,54.95458322
88260,7668,Femø,2018-04-30T15:23:13.528Z,2015-06-18T19:50:06.959Z,2,11.49570136,54.94619675,11.56893457,54.99206454,11.54023083,54.97395269
88259,7669,Askø,2020-01-15T22:18:08.104Z,2015-06-18T19:50:06.959Z,2,11.4706516,54.88319778,11.52143968,54.91457993,11.48944128,54.89237614
90996,7670,Sankt Nikolaj,2023-03-24T22:28:38.837Z,2023-03-24T22:28:38.837Z,4,11.08477821,54.80303917,11.16593233,54.84739289,11.14033802,54.81882046
90712,7671,Branderslev,2023-03-24T22:28:38.837Z,2023-03-24T22:28:38.837Z,3,11.07324994,54.83209807,11.15401334,54.87994951,11.1231985,54.86057468
90997,7672,Stormark,2023-03-24T22:28:38.837Z,2023-03-24T22:28:38.837Z,4,11.1441459,54.8187004,11.18573478,54.86590509,11.16587909,54.84328431
90371,7673,Arninge,2023-03-24T22:28:38.837Z,2023-03-24T22:28:38.837Z,3,11.12521355,54.77566295,11.22050058,54.81013477,11.15333627,54.79073057
91001,7674,Sandby,2023-03-24T22:28:38.837Z,2023-03-24T22:28:38.837Z,3,11.01264379,54.82649368,11.1379865,54.93287762,11.07824173,54.88015191
60023,7675,Vor Frue,2023-03-24T22:28:38.837Z,2023-03-24T22:28:38.837Z,7,10.58259608,55.05707904,10.64008466,55.08567761,10.6112738,55.0680144
60016,7676,Sankt Nikolaj,2023-08-21T21:01:57.382Z,2023-08-21T21:01:57.382Z,6,10.59286792,55.05160646,10.61587702,55.06351063,10.60821539,55.05605099
60329,7677,Sankt Jørgens,2023-03-24T22:28:38.837Z,2023-03-24T22:28:38.837Z,4,10.56140742,55.04108497,10.60621523,55.06311137,10.59113187,55.05273295
60018,7678,Sørup,2023-08-21T21:01:57.382Z,2023-08-21T21:01:57.382Z,4,10.54416721,55.0546328,10.60339453,55.10370565,10.57458131,55.07165799
60017,7679,Skårup,2023-03-24T22:28:38.837Z,2023-03-24T22:28:38.837Z,5,10.63568259,55.05597246,10.75476785,55.11469956,10.69739753,55.08118237
60022,7680,Tved,2023-03-24T22:28:38.837Z,2023-03-24T22:28:38.837Z,5,10.56947985,55.05462655,10.68089865,55.11508845,10.61787908,55.0959658
60737,7681,Egense,2023-03-24T22:28:38.837Z,2023-03-24T22:28:38.837Z,3,10.48575884,55.02589111,10.57486768,55.1035296,10.53656333,55.04844621
60562,7682,Øster Skerninge,2023-03-24T22:28:38.837Z,2023-03-24T22:28:38.837Z,6,10.45515138,55.03489252,10.51345612,55.07271619,10.48124157,55.05653353
61272,7683,Hundstrup,2023-03-24T22:28:38.837Z,2023-03-24T22:28:38.837Z,3,10.39262903,55.08806225,10.46462765,55.13948727,10.42625456,55.10528514
60347,7684,Ollerup,2023-03-24T22:28:38.837Z,2023-03-24T22:28:38.837Z,6,10.45087204,55.05905788,10.53958397,55.09968582,10.49862293,55.08253538
60746,7685,Kirkeby,2023-03-24T22:28:38.837Z,2023-03-24T22:28:38.837Z,4,10.49743932,55.09164367,10.6027948,55.13427739,10.55544356,55.11539543
60748,7686,Stenstrup,2023-03-24T22:28:38.837Z,2023-03-24T22:28:38.837Z,5,10.43595984,55.08925789,10.5213605,55.16202026,10.4842036,55.13852917
60747,7687,Lunde,2024-01-19T22:03:58.050Z,2024-01-19T22:03:58.050Z,5,10.50440541,55.12413183,10.60413427,55.16638494,10.5410678,55.14318676
60862,7688,Kværndrup,2023-05-01T21:02:49.242Z,2023-05-01T21:02:49.242Z,5,10.4531587,55.14817795,10.59799704,55.21228693,10.53915807,55.18300772
60019,7689,Thurø,2018-04-30T15:23:13.528Z,2015-06-18T19:50:06.959Z,2,10.64621681,55.02866396,10.71860929,55.05659191,10.69497163,55.04813849
60015,7690,Bregninge,2023-03-24T22:28:38.837Z,2023-03-24T22:28:38.837Z,3,10.56360216,55.00065725,10.66704274,55.0562625,10.61697001,55.02379197
56420,7691,Landet,2023-03-24T22:28:38.837Z,2023-03-24T22:28:38.837Z,4,10.51240668,54.9772176,10.64029354,55.02624243,10.60029727,54.99265198
55459,7692,Bjerreby,2023-03-24T22:28:38.837Z,2023-03-24T22:28:38.837Z,4,10.52210175,54.94114008,10.69279499,55.00015377,10.57249478,54.96963662
56416,7693,Drejø,2018-04-30T15:23:13.528Z,2015-06-18T19:50:06.959Z,2,10.360032,54.95799226,10.5286743,55.02154976,10.42279529,54.96882211
55441,7694,Strynø,2018-04-30T15:23:13.528Z,2015-06-18T19:50:06.959Z,2,10.532302,54.88922753,10.63086365,54.92553498,10.60619227,54.90949375
62016,7695,Faaborg,2023-03-24T22:28:38.837Z,2023-03-24T22:28:38.837Z,5,10.2061539,55.05273435,10.27882356,55.11458879,10.24527744,55.10144731
61350,7696,Diernæs,2023-03-24T22:28:38.837Z,2023-03-24T22:28:38.837Z,4,10.25280297,55.06340059,10.33407693,55.12134542,10.29733761,55.09890591
60595,7697,Vester Åby,2023-03-24T22:28:38.837Z,2023-03-24T22:28:38.837Z,3,10.32644184,55.05845086,10.42773024,55.14375552,10.38065752,55.09453324
62017,7698,Åstrup,2023-03-24T22:28:38.837Z,2023-03-24T22:28:38.837Z,3,10.30482763,55.03406398,10.37201224,55.09033251,10.33682081,55.07092467
60513,7699,Vester Skerninge,2023-03-24T22:28:38.837Z,2023-03-24T22:28:38.837Z,7,10.41534457,55.03879622,10.47317406,55.09317804,10.43909882,55.05111648
60402,7700,Ulbølle,2023-03-24T22:28:38.837Z,2023-03-24T22:28:38.837Z,3,10.38142896,55.03922068,10.43641415,55.09140682,10.4151844,55.07859649
64034,7701,Heden,2023-03-24T22:28:38.837Z,2023-03-24T22:28:38.837Z,3,10.32650972,55.23520817,10.40729598,55.26334904,10.36677364,55.24970879
93183,7702,Bøstrup,2023-03-24T22:28:38.837Z,2023-03-24T22:28:38.837Z,3,10.66108506,54.94553813,10.92438441,55.0743802,10.87920104,55.03927531
93421,7703,Snøde,2023-03-24T22:28:38.837Z,2023-03-24T22:28:38.837Z,3,10.86402897,55.05771566,10.94326023,55.12169918,10.90811237,55.0764033
93424,7704,Stoense,2023-03-24T22:28:38.837Z,2023-03-24T22:28:38.837Z,3,10.87203814,55.08412429,10.91892216,55.12599426,10.89276901,55.09882227
93431,7705,Hou,2023-03-24T22:28:38.837Z,2023-03-24T22:28:38.837Z,3,10.88234928,55.11192965,10.95659121,55.16555458,10.92556601,55.13329835
55428,7706,Longelse,2023-03-24T22:28:38.837Z,2023-03-24T22:28:38.837Z,4,10.76753191,54.87913552,10.83519215,54.94008679,10.80411637,54.92312403
55424,7707,Fuglsbølle,2023-03-24T22:28:38.837Z,2023-03-24T22:28:38.837Z,4,10.71733408,54.87583498,10.81147013,54.90870358,10.76310268,54.89756737
56183,7708,Lindelse,2023-03-24T22:28:38.837Z,2023-03-24T22:28:38.837Z,4,10.69986084,54.83172147,10.80908442,54.89712671,10.75568312,54.86842484
56136,7709,Humble,2026-03-13T22:03:41.642Z,2026-03-13T22:03:41.642Z,5,10.5574857,54.79451668,10.78409822,54.88835159,10.69240853,54.8356586
56189,7710,Tryggelev,2023-03-24T22:28:38.837Z,2023-03-24T22:28:38.837Z,4,10.65816342,54.78753563,10.76204893,54.81900909,10.69675517,54.80408249
56094,7711,Fodslette,2023-03-24T22:28:38.837Z,2023-03-24T22:28:38.837Z,3,10.7107795,54.79600095,10.7808063,54.83754605,10.75212614,54.8176361
56625,7712,Magleby,2023-03-24T22:28:38.837Z,2023-03-24T22:28:38.837Z,4,10.65849999,54.74074203,10.75909024,54.7971809,10.71685969,54.77304915
56198,7713,Ærøskøbing,2020-01-15T22:18:08.104Z,2015-06-18T19:50:06.959Z,2,10.38336693,54.87408802,10.43852636,54.91460522,10.40146654,54.88968004
56194,7714,Marstal,2023-03-24T22:28:38.837Z,2023-03-24T22:28:38.837Z,4,10.4475027,54.8402029,10.54942206,54.94108595,10.49714189,54.85467103
56197,7715,Rise,2023-03-24T22:28:38.837Z,2023-03-24T22:28:38.837Z,3,10.35816827,54.81564833,10.47278436,54.88691031,10.40645822,54.85195787
56972,7716,Tranderup,2023-03-24T22:28:38.837Z,2023-03-24T22:28:38.837Z,3,10.31947912,54.84528873,10.38742213,54.89777711,10.35511398,54.87596881
56945,7717,Bregninge,2023-03-24T22:28:38.837Z,2023-03-24T22:28:38.837Z,3,10.24262344,54.87532972,10.34312886,54.92780841,10.30455076,54.9020941
56758,7718,Søby,2018-04-30T15:23:13.528Z,2015-06-18T19:50:06.959Z,2,10.20262342,54.91299102,10.30708515,54.9718452,10.27003393,54.93007898
60004,7719,Oure,2023-03-24T22:28:38.837Z,2023-03-24T22:28:38.837Z,4,10.69939817,55.10084621,10.77976072,55.1393283,10.72883791,55.123399
60005,7720,Vejstrup,2023-03-24T22:28:38.837Z,2023-03-24T22:28:38.837Z,3,10.69490696,55.08734806,10.77033247,55.11840813,10.73904614,55.10219794
59595,7721,Gudme,2023-05-15T21:03:24.475Z,2023-05-15T21:03:24.475Z,7,10.68043832,55.13060331,10.75792105,55.18164545,10.71220579,55.1476822
59586,7722,Brudager,2023-03-24T22:28:38.837Z,2023-03-24T22:28:38.837Z,4,10.61393997,55.10732809,10.70876314,55.1351708,10.66015362,55.11699141
59590,7723,Gudbjerg,2024-01-19T22:03:58.050Z,2024-01-19T22:03:58.050Z,10,10.58322448,55.10773195,10.69749982,55.19570767,10.64100556,55.15554615
57262,7724,Nyborg,2023-09-08T21:10:06.071Z,2023-09-08T21:10:06.071Z,6,10.71450172,55.28453466,10.8588285,55.35248179,10.79851201,55.31733482
57257,7725,Aunslev,2023-03-24T22:28:38.837Z,2023-03-24T22:28:38.837Z,3,10.68323432,55.32201358,10.79736311,55.38980484,10.72709153,55.36084318
57258,7726,Bovense,2023-03-24T22:28:38.837Z,2023-03-24T22:28:38.837Z,3,10.71197635,55.37341413,10.77282443,55.40691159,10.73481198,55.38955211
57852,7727,Flødstrup,2023-03-24T22:28:38.837Z,2023-03-24T22:28:38.837Z,3,10.6371952,55.36990412,10.73212239,55.42540479,10.67530559,55.39232087
57854,7728,Ullerslev,2023-03-24T22:28:38.837Z,2023-03-24T22:28:38.837Z,3,10.60199584,55.33960966,10.69727045,55.38204329,10.67240675,55.36124423
57855,7731,Kullerup,2023-03-24T22:28:38.837Z,2023-03-24T22:28:38.837Z,7,10.64634835,55.27568397,10.72235457,55.33146283,10.69538936,55.31706234
58381,7732,Refsvindinge,2023-03-24T22:28:38.837Z,2023-03-24T22:28:38.837Z,7,10.64286636,55.26928906,10.70938605,55.30932526,10.67199423,55.28205961
57265,7733,Vindinge,2023-09-08T21:10:06.071Z,2023-09-08T21:10:06.071Z,7,10.69366723,55.2512899,10.80317501,55.32913664,10.76101605,55.27978702
58379,7734,Frørup,2023-03-24T22:28:38.837Z,2023-03-24T22:28:38.837Z,3,10.69235636,55.22715457,10.75998986,55.2766585,10.71949906,55.24592033
58384,7735,Ørbæk,2023-03-24T22:28:38.837Z,2023-03-24T22:28:38.837Z,3,10.64222621,55.23277735,10.72184858,55.28344949,10.67576434,55.25634087
58380,7736,Herrested,2023-03-24T22:28:38.837Z,2023-03-24T22:28:38.837Z,4,10.5311185,55.23961278,10.6594233,55.30390011,10.61643657,55.27772823
58397,7737,Søllinge,2023-03-24T22:28:38.837Z,2023-03-24T22:28:38.837Z,3,10.49562798,55.25744512,10.5619193,55.30695287,10.52687356,55.27380582
58395,7738,Hellerup,2023-03-24T22:28:38.837Z,2023-03-24T22:28:38.837Z,3,10.5409039,55.26346813,10.60543916,55.32551352,10.56759689,55.28416753
58398,7739,Sønder Højrup,2023-03-24T22:28:38.837Z,2023-03-24T22:28:38.837Z,4,10.43241656,55.2670232,10.50723862,55.29423444,10.47935052,55.28283998
58998,7740,Årslev,2023-08-28T21:05:57.135Z,2023-08-28T21:05:57.135Z,5,10.42212622,55.27901154,10.48137248,55.31276046,10.45354857,55.30015933
55432,7741,Rudkøbing,2023-03-24T22:28:38.837Z,2023-03-24T22:28:38.837Z,5,10.69935149,54.92813237,10.74040626,54.94680878,10.72199935,54.93762342
55433,7742,Simmerbølle,2023-03-24T22:28:38.837Z,2023-03-24T22:28:38.837Z,4,10.71933908,54.9338598,10.79511581,54.97042707,10.74864197,54.95325217
55434,7743,Skrøbelev,2023-03-24T22:28:38.837Z,2023-03-24T22:28:38.837Z,5,10.67406092,54.89440096,10.78853161,54.94332563,10.74796786,54.9198966
91059,7744,Tranekær,2023-03-24T22:28:38.837Z,2023-03-24T22:28:38.837Z,3,10.78707398,54.96467536,10.89700192,55.02234908,10.85467577,55.00109463
91060,7745,Tullebølle,2023-03-24T22:28:38.837Z,2023-03-24T22:28:38.837Z,4,10.74792301,54.93351933,10.86889685,54.99111995,10.79747161,54.96340641
61349,7746,Brahetrolleborg,2023-03-24T22:28:38.837Z,2023-03-24T22:28:38.837Z,4,10.26803896,55.10117294,10.4066505,55.19079495,10.33176332,55.1356203
60849,7747,Krarup,2023-03-24T22:28:38.837Z,2023-03-24T22:28:38.837Z,3,10.3830708,55.13586689,10.46215202,55.18815248,10.42869611,55.15742991
60751,7748,Herringe,2023-03-24T22:28:38.837Z,2023-03-24T22:28:38.837Z,3,10.4264453,55.17150846,10.48903247,55.21190021,10.45661637,55.19226118
58394,7749,Gestelev,2023-03-24T22:28:38.837Z,2023-03-24T22:28:38.837Z,5,10.39216348,55.21654312,10.4507213,55.27183345,10.42668789,55.25551343
60749,7750,Espe,2023-03-24T22:28:38.837Z,2023-03-24T22:28:38.837Z,4,10.36004101,55.17148219,10.44453683,55.22846864,10.40815244,55.1973277
58401,7751,Vantinge,2023-03-24T22:28:38.837Z,2023-03-24T22:28:38.837Z,4,10.3648064,55.22109865,10.41355029,55.25978631,10.39269822,55.23562491
63436,7752,Allested,2023-03-24T22:28:38.837Z,2023-03-24T22:28:38.837Z,4,10.30664486,55.24128382,10.36120189,55.28582986,10.33502194,55.2625488
64032,7753,Vejle,2023-03-24T22:28:38.837Z,2023-03-24T22:28:38.837Z,5,10.27512205,55.2573694,10.34378269,55.29342894,10.30007809,55.2768758
63437,7754,Nørre Broby,2024-01-19T22:03:58.050Z,2024-01-19T22:03:58.050Z,5,10.16928932,55.23029027,10.29456412,55.29887471,10.20714059,55.25325833
63853,7755,Sønder Broby,2024-05-28T21:01:26.357Z,2024-05-28T21:01:26.357Z,6,10.18767737,55.20911055,10.32827661,55.26200455,10.2536222,55.22792322
64035,7756,Hillerslev,2023-03-24T22:28:38.837Z,2023-03-24T22:28:38.837Z,4,10.28729715,55.17738092,10.40291002,55.24109998,10.34458279,55.21448362
61361,7757,Øster Hæsinge,2023-03-24T22:28:38.837Z,2023-03-24T22:28:38.837Z,3,10.23645979,55.13954643,10.34289516,55.20004966,10.3039414,55.17146988
61348,7758,Vester Hæsinge,2024-05-28T21:01:26.357Z,2024-05-28T21:01:26.357Z,6,10.19742147,55.15252754,10.27512868,55.21474389,10.23535516,55.19884288
63578,7759,Sandholts Lyndelse,2023-03-24T22:28:38.837Z,2023-03-24T22:28:38.837Z,3,10.25120455,55.17447321,10.32486237,55.22167528,10.29098441,55.20033797
61423,7760,Jordløse,2024-01-23T22:04:07.687Z,2024-01-23T22:04:07.687Z,5,10.11575095,55.15932311,10.2256225,55.22738243,10.1799218,55.20578043
61354,7761,Håstrup,2024-01-23T22:04:07.687Z,2024-01-23T22:04:07.687Z,5,10.14830524,55.15166546,10.24736703,55.19434974,10.20492253,55.17412388
61355,7762,Svanninge,2023-03-24T22:28:38.837Z,2023-03-24T22:28:38.837Z,3,10.05910373,55.10467759,10.28201841,55.16565462,10.22902598,55.13030196
61351,7763,Horne,2023-03-24T22:28:38.837Z,2023-03-24T22:28:38.837Z,3,10.06914922,55.05922604,10.23111055,55.13099229,10.165918,55.10191953
62349,7764,Lyø,2018-04-30T15:23:13.528Z,2015-06-18T19:50:06.959Z,2,10.12406993,55.03154377,10.18073615,55.06523173,10.14853074,55.0416111
62015,7765,Avernakø,2018-04-30T15:23:13.528Z,2015-06-18T19:50:06.959Z,2,10.23498738,55.00383416,10.34780665,55.04056962,10.25896124,55.02556236
58396,7766,Ringe,2023-03-24T22:28:38.837Z,2023-03-24T22:28:38.837Z,4,10.42948752,55.18144521,10.52388157,55.27511258,10.47078679,55.22557883
58996,7767,Ryslinge,2023-03-24T22:28:38.837Z,2023-03-24T22:28:38.837Z,5,10.4847986,55.19861564,10.57854325,55.26125786,10.53121175,55.23707283
57863,7768,Gislev,2024-01-10T22:10:55.667Z,2024-01-10T22:10:55.667Z,10,10.52652828,55.17519376,10.6623645,55.23857489,10.59302268,55.21024698
58378,7769,Ellested,2023-03-24T22:28:38.837Z,2023-03-24T22:28:38.837Z,3,10.57247249,55.22950088,10.65479373,55.2640886,10.61944514,55.24466892
60007,7770,Langå,2023-03-24T22:28:38.837Z,2023-03-24T22:28:38.837Z,3,10.67705039,55.17247662,10.75567882,55.21354515,10.7223253,55.18950853
58383,7771,Øksendrup,2023-03-24T22:28:38.837Z,2023-03-24T22:28:38.837Z,3,10.72171875,55.20110396,10.78084462,55.23083549,10.74905602,55.21432791
59897,7772,Hesselager,2023-03-24T22:28:38.837Z,2023-03-24T22:28:38.837Z,5,10.72185485,55.14474679,10.88979553,55.22354119,10.77351331,55.18304081
58382,7773,Svindinge,2023-03-24T22:28:38.837Z,2023-03-24T22:28:38.837Z,3,10.64472028,55.1831374,10.73541223,55.24213701,10.6912227,55.21856105
59568,7774,Sankt Knuds,2023-03-24T22:28:38.837Z,2023-03-24T22:28:38.837Z,5,10.37392056,55.3883222,10.40932021,55.39935556,10.38837218,55.39304063
59006,7775,Ansgars,2023-03-24T22:28:38.837Z,2023-03-24T22:28:38.837Z,5,10.34218316,55.36717373,10.38456341,55.39802267,10.36383996,55.38641925
62773,7776,Bolbro,2023-03-24T22:28:38.837Z,2023-03-24T22:28:38.837Z,5,10.32234214,55.3855361,10.36579197,55.40879683,10.34301489,55.39558216
59569,7777,Thomas Kingos,2023-03-24T22:28:38.837Z,2023-03-24T22:28:38.837Z,4,10.37173885,55.36882966,10.39711518,55.38987965,10.38500702,55.37881805
59566,7778,Munkebjerg,2023-03-24T22:28:38.837Z,2023-03-24T22:28:38.837Z,4,10.39484121,55.37050373,10.42304143,55.39145947,10.40660743,55.37977946
59571,7779,Vor Frue,2023-03-24T22:28:38.837Z,2023-03-24T22:28:38.837Z,3,10.39034885,55.39063782,10.42055404,55.40281093,10.4039066,55.39624018
59279,7780,Korsløkke,2024-09-16T21:03:44.637Z,2024-09-16T21:03:44.637Z,7,10.4033036,55.36242377,10.46550232,55.40172437,10.43219362,55.3893628
59567,7781,Sankt Hans,2023-03-24T22:28:38.837Z,2023-03-24T22:28:38.837Z,5,10.3752897,55.39596353,10.40707313,55.40333026,10.38345881,55.39962251
59012,7782,Fredens,2023-03-24T22:28:38.837Z,2023-03-24T22:28:38.837Z,7,10.36826835,55.39950116,10.4438086,55.47124274,10.40038272,55.41586003
59022,7783,Hans Tausens,2023-03-24T22:28:38.837Z,2023-03-24T22:28:38.837Z,9,10.35398036,55.39420777,10.38209392,55.42485424,10.36592853,55.40355763
67491,7784,Paarup,2023-03-24T22:28:38.837Z,2023-03-24T22:28:38.837Z,7,10.27077149,55.38372717,10.36246058,55.43001395,10.30981032,55.39858986
67420,7785,Korup,2024-01-19T22:03:58.050Z,2024-01-19T22:03:58.050Z,6,10.21665736,55.40970178,10.32341088,55.44531922,10.26500767,55.4271561
62710,7786,Ubberud,2025-01-01T22:02:15.652Z,2025-01-01T22:02:15.652Z,6,10.17580168,55.35919951,10.29458589,55.41916926,10.23799838,55.40056858
62705,7787,Dalum,2023-03-24T22:28:38.837Z,2023-03-24T22:28:38.837Z,4,10.35031535,55.35435027,10.3816547,55.38038056,10.36668498,55.3634344
62708,7788,Sanderum,2023-03-24T22:28:38.837Z,2023-03-24T22:28:38.837Z,5,10.2835944,55.3595197,10.36075859,55.38912771,10.32964968,55.37562257
62704,7789,Brændekilde,2024-01-19T22:03:58.050Z,2024-01-19T22:03:58.050Z,5,10.21024285,55.3227594,10.28852001,55.3674607,10.26957276,55.35323402
62702,7790,Bellinge,2024-01-23T22:04:07.687Z,2024-01-23T22:04:07.687Z,7,10.26024935,55.31024603,10.3345573,55.36106556,10.30297133,55.34134896
62709,7791,Stenløse,2023-03-24T22:28:38.837Z,2023-03-24T22:28:38.837Z,5,10.32982555,55.31934503,10.42317171,55.35042559,10.36162768,55.33563981
62706,7792,Fangel,2024-01-19T22:03:58.050Z,2024-01-19T22:03:58.050Z,5,10.27860865,55.28758368,10.35175365,55.33525908,10.31619875,55.31586792
64036,7793,Verninge,2024-01-23T22:04:07.687Z,2024-01-23T22:04:07.687Z,7,10.1176413,55.26386282,10.2943667,55.32990193,10.18556816,55.28389141
62714,7794,Tommerup,2024-01-23T22:04:07.687Z,2024-01-23T22:04:07.687Z,7,10.13826613,55.29602396,10.22900683,55.35078578,10.19862813,55.31591332
62713,7795,Brylle,2024-01-23T22:04:07.687Z,2024-01-23T22:04:07.687Z,6,10.20534317,55.29967063,10.28614197,55.35969763,10.23818574,55.34086135
65027,7796,Vissenbjerg,2025-01-01T22:02:15.652Z,2025-01-01T22:02:15.652Z,8,10.06388392,55.35511489,10.20630469,55.42196339,10.14662648,55.38926282
66380,7798,Munkebo,2023-03-24T22:28:38.837Z,2023-03-24T22:28:38.837Z,5,10.47844982,55.41522438,10.593244,55.49466416,10.52552778,55.45303065
66001,7800,Kølstrup,2023-03-24T22:28:38.837Z,2023-03-24T22:28:38.837Z,5,10.54281988,55.38723455,10.64241664,55.45796743,10.60482114,55.43377252
24266,7801,Assens,2023-03-24T22:28:38.837Z,2023-03-24T22:28:38.837Z,4,9.88037537,55.24993322,9.93254489,55.28525511,9.90692768,55.26493991
24026,7802,Bågø,2018-04-30T15:23:13.528Z,2015-06-18T19:50:06.959Z,2,9.78434224,55.29513045,9.83062682,55.33256961,9.81287636,55.30926965
64052,7803,Kærum,2023-03-24T22:28:38.837Z,2023-03-24T22:28:38.837Z,5,9.86574375,55.22811907,10.02257704,55.27515555,9.947047,55.25455436
64050,7804,Gamtofte,2023-03-24T22:28:38.837Z,2023-03-24T22:28:38.837Z,6,9.88649751,55.2569232,10.03428465,55.32040628,9.97222163,55.27782322
64053,7805,Søby,2023-03-24T22:28:38.837Z,2023-03-24T22:28:38.837Z,3,9.99296597,55.24568587,10.05411728,55.28504808,10.02364937,55.26813419
64056,7806,Turup,2023-03-24T22:28:38.837Z,2023-03-24T22:28:38.837Z,4,9.96006838,55.28279618,10.02552971,55.32536807,9.99228556,55.30530929
64684,7807,Barløse,2023-03-24T22:28:38.837Z,2023-03-24T22:28:38.837Z,3,9.76549129,55.27598046,10.03027665,55.35080832,9.96939943,55.33030339
24027,7808,Sandager,2024-01-19T22:03:58.050Z,2024-01-19T22:03:58.050Z,4,9.87421165,55.31485126,9.94776446,55.3588934,9.9247318,55.33744173
64685,7809,Holevad,2023-03-24T22:28:38.837Z,2023-03-24T22:28:38.837Z,3,9.91779138,55.29589424,9.96983887,55.32628479,9.94644372,55.30686441
24061,7810,Tanderup,2024-01-19T22:03:58.050Z,2024-01-19T22:03:58.050Z,4,9.87243336,55.33883486,9.94529911,55.38899431,9.90752272,55.36780937
65228,7811,Kerte,2024-01-19T22:03:58.050Z,2024-01-19T22:03:58.050Z,4,9.92363676,55.34206078,10.04108721,55.38908975,9.99917897,55.36602059
65307,7812,Skydebjerg,2024-11-11T22:06:14.416Z,2024-11-11T22:06:14.416Z,5,10.0289734,55.34458027,10.07911597,55.37753472,10.04804887,55.361099
64688,7813,Ørsted,2023-03-24T22:28:38.837Z,2023-03-24T22:28:38.837Z,3,10.01784614,55.29748116,10.13929921,55.34793031,10.100596,55.31500947
65306,7814,Orte,2024-01-23T22:04:07.687Z,2024-01-23T22:04:07.687Z,5,10.05829119,55.32690702,10.15960708,55.37941883,10.1046827,55.34547962
64604,7815,Søllested,2023-03-24T22:28:38.837Z,2023-03-24T22:28:38.837Z,3,10.0124378,55.27511567,10.12468995,55.30515913,10.05389027,55.28909888
64687,7816,Vedtofte,2023-03-24T22:28:38.837Z,2023-03-24T22:28:38.837Z,4,10.0098507,55.29672547,10.08539124,55.32860463,10.04000596,55.31217486
64678,7817,Glamsbjerg,2024-01-23T22:04:07.687Z,2024-01-23T22:04:07.687Z,9,10.08650327,55.23595075,10.17708114,55.30715436,10.12903302,55.26528933
64482,7818,Flemløse,2024-01-23T22:04:07.687Z,2024-01-23T22:04:07.687Z,7,10.00688204,55.22054073,10.11281863,55.28627925,10.06743634,55.24394365
64675,7819,Haarby,2024-01-23T22:04:07.687Z,2024-01-23T22:04:07.687Z,8,10.04772154,55.17477373,10.19197571,55.24796984,10.11284136,55.21434763
64674,7820,Dreslette,2024-01-23T22:04:07.687Z,2024-01-23T22:04:07.687Z,6,9.97651718,55.17481286,10.08272429,55.23257062,10.03781901,55.20853534
64676,7821,Sønderby,2023-03-24T22:28:38.837Z,2023-03-24T22:28:38.837Z,4,9.92094501,55.21348425,10.02079026,55.24759124,9.95657809,55.23153083
62457,7822,Helnæs,2018-04-30T15:23:13.528Z,2015-06-18T19:50:06.959Z,2,9.97670268,55.1203443,10.0453075,55.18053627,10.01047764,55.13738767
30140,7823,Middelfart,2023-03-24T22:28:38.837Z,2023-03-24T22:28:38.837Z,5,9.65833764,55.47374094,9.76830138,55.51885042,9.74690006,55.49461358
30138,7824,Kauslunde,2023-03-24T22:28:38.837Z,2023-03-24T22:28:38.837Z,4,9.74038236,55.46611776,9.85092682,55.50027854,9.77833909,55.48718839
29870,7825,Vejlby,2023-04-27T21:03:45.930Z,2023-04-27T21:03:45.930Z,6,9.75535348,55.48988833,9.86631893,55.54145656,9.81409768,55.51205636
30143,7826,Strib,2023-04-27T21:03:45.930Z,2023-04-27T21:03:45.930Z,5,9.75600598,55.51374248,9.7954595,55.54457474,9.77961726,55.53505141
30145,7827,Asperup,2023-07-07T21:07:30.810Z,2023-07-07T21:07:30.810Z,6,9.87043942,55.46575896,9.9545871,55.51556274,9.91037585,55.4944722
30148,7828,Roerslev,2023-07-07T21:07:30.810Z,2023-07-07T21:07:30.810Z,4,9.84333631,55.47144867,9.88478294,55.51374909,9.86340718,55.48725249
67914,7829,Brenderup,2024-05-28T21:01:26.357Z,2024-05-28T21:01:26.357Z,6,9.93769051,55.45500678,10.04284774,55.53070542,9.9839207,55.49082573
68201,7830,Fjelsted,2024-05-28T21:01:26.357Z,2024-05-28T21:01:26.357Z,6,9.96958477,55.42124888,10.06642006,55.46300079,10.02749247,55.44116433
68202,7831,Harndrup,2023-03-24T22:28:38.837Z,2023-03-24T22:28:38.837Z,7,9.99235745,55.45214708,10.0685256,55.4844273,10.03538065,55.47068914
64686,7832,Gelsted,2025-01-01T22:02:15.652Z,2025-01-01T22:02:15.652Z,8,9.92139916,55.37703453,10.00581598,55.43788202,9.96534373,55.39980466
68206,7833,Rørup,2025-01-01T22:02:15.652Z,2025-01-01T22:02:15.652Z,7,9.9858491,55.3833195,10.08721856,55.43237915,10.03309496,55.40492717
30135,7834,Balslev,2023-03-24T22:28:38.837Z,2023-03-24T22:28:38.837Z,3,9.85677005,55.41519483,9.925044,55.45010665,9.89456059,55.42629549
68196,7835,Ejby,2023-03-24T22:28:38.837Z,2023-03-24T22:28:38.837Z,4,9.911843,55.42012507,9.97501264,55.45645081,9.94591004,55.44119076
30147,7836,Nørre Aaby,2023-03-24T22:28:38.837Z,2023-03-24T22:28:38.837Z,4,9.84755866,55.43158563,9.91799921,55.47220852,9.88349227,55.45231693
68203,7837,Indslev,2023-05-01T21:02:49.242Z,2023-05-01T21:02:49.242Z,6,9.90420562,55.44147054,9.98229396,55.48810769,9.94596643,55.46495174
30137,7838,Gamborg,2023-03-24T22:28:38.837Z,2023-03-24T22:28:38.837Z,3,9.77569498,55.44953787,9.83239598,55.47916267,9.804872,55.468034
30149,7839,Udby,2023-03-24T22:28:38.837Z,2023-03-24T22:28:38.837Z,3,9.80314768,55.42350442,9.87835833,55.47592722,9.84668272,55.46497065
30146,7840,Føns,2023-03-24T22:28:38.837Z,2023-03-24T22:28:38.837Z,3,9.71554763,55.39602746,9.86054015,55.4743456,9.84042814,55.42457294
24031,7841,Ørslev,2023-03-24T22:28:38.837Z,2023-03-24T22:28:38.837Z,4,9.82997948,55.38341141,9.93568623,55.42446332,9.90780022,55.40394742
24068,7842,Husby,2023-03-24T22:28:38.837Z,2023-03-24T22:28:38.837Z,3,9.68709147,55.34915207,9.90313149,55.3966519,9.84812628,55.36636714
67492,7843,Lunde,2023-07-04T21:01:52.677Z,2023-07-04T21:01:52.677Z,4,10.30465374,55.46285076,10.38700972,55.51116181,10.33572936,55.48958618
66385,7844,Lumby,2023-07-06T21:01:47.079Z,2023-07-06T21:01:47.079Z,7,10.33184411,55.42010008,10.43186884,55.4823737,10.37183955,55.45527777
67004,7845,Allesø,2023-03-24T22:28:38.837Z,2023-03-24T22:28:38.837Z,4,10.28272212,55.4390963,10.34221598,55.47918206,10.31430621,55.45799613
67490,7846,Næsbyhoved-Broby,2023-03-24T22:28:38.837Z,2023-03-24T22:28:38.837Z,4,10.25532934,55.42645089,10.35455796,55.45572154,10.29751077,55.4405061
67489,7847,Næsby,2023-03-24T22:28:38.837Z,2023-03-24T22:28:38.837Z,5,10.3295209,55.41202101,10.37579374,55.43644395,10.35770857,55.42086596
66984,7848,Krogsbølle,2023-03-24T22:28:38.837Z,2023-03-24T22:28:38.837Z,3,10.28572717,55.55641536,10.45285136,55.62295321,10.36991557,55.58174731
66986,7849,Nørre Nærå,2023-03-24T22:28:38.837Z,2023-03-24T22:28:38.837Z,3,10.24947535,55.54646718,10.34547163,55.58583888,10.28686136,55.56589398
66764,7850,Bederslev,2023-03-24T22:28:38.837Z,2023-03-24T22:28:38.837Z,3,10.31778628,55.53845314,10.40128168,55.56611891,10.34030308,55.54932281
66642,7851,Klinte,2023-03-24T22:28:38.837Z,2023-03-24T22:28:38.837Z,3,10.14710419,55.56478891,10.2949332,55.64700862,10.26000282,55.5947224
66637,7852,Grindløse,2023-03-24T22:28:38.837Z,2023-03-24T22:28:38.837Z,3,10.17227473,55.53762337,10.25484372,55.58668025,10.22529022,55.56514266
66987,7853,Uggerslev,2023-03-24T22:28:38.837Z,2023-03-24T22:28:38.837Z,3,10.2786531,55.51309053,10.33344506,55.55510907,10.30428036,55.5400219
66985,7854,Nørre Højrup,2023-03-24T22:28:38.837Z,2023-03-24T22:28:38.837Z,3,10.24436085,55.53797261,10.28626038,55.5595927,10.26263422,55.54920525
66990,7855,Skamby,2023-03-24T22:28:38.837Z,2023-03-24T22:28:38.837Z,4,10.2323512,55.48214858,10.32976968,55.54166512,10.27824773,55.51655735
68211,7856,Bogense,2023-06-20T21:02:39.352Z,2023-06-20T21:02:39.352Z,4,10.04437124,55.5430909,10.13611832,55.58575019,10.07580592,55.55350248
68437,7857,Skovby,2024-01-19T22:03:58.050Z,2024-01-19T22:03:58.050Z,4,10.02248957,55.51011409,10.14466447,55.56928649,10.07895384,55.5300281
68436,7858,Ore,2023-03-24T22:28:38.837Z,2023-03-24T22:28:38.837Z,4,9.97929232,55.50309722,10.05321031,55.54648907,10.0143181,55.52575754
68383,7859,Guldbjerg,2023-03-24T22:28:38.837Z,2023-03-24T22:28:38.837Z,3,10.11017105,55.51745089,10.15887029,55.55959583,10.14161788,55.52609971
66762,7860,Nørre Sandager,2023-03-24T22:28:38.837Z,2023-03-24T22:28:38.837Z,3,10.12337789,55.53975114,10.2198663,55.59056154,10.16220553,55.56844134
66988,7861,Ejlby,2023-03-24T22:28:38.837Z,2023-03-24T22:28:38.837Z,3,10.15705107,55.52810666,10.20428958,55.55148821,10.17477287,55.53977217
66989,7862,Melby,2023-03-24T22:28:38.837Z,2023-03-24T22:28:38.837Z,3,10.19412258,55.51778554,10.24652114,55.54647608,10.21858322,55.53037522
66991,7863,Særslev,2023-03-24T22:28:38.837Z,2023-03-24T22:28:38.837Z,4,10.11488344,55.48364963,10.24358025,55.53907115,10.17936587,55.50883665
68205,7864,Hårslev,2023-03-24T22:28:38.837Z,2023-03-24T22:28:38.837Z,6,10.02776647,55.4541309,10.12915573,55.52003446,10.0813801,55.48881732
67496,7865,Vigerslev,2024-01-19T22:03:58.050Z,2024-01-19T22:03:58.050Z,7,10.15211409,55.4046723,10.26106074,55.49503047,10.20700295,55.45102615
67495,7866,Veflinge,2023-03-24T22:28:38.837Z,2023-03-24T22:28:38.837Z,5,10.10961768,55.44604482,10.20366252,55.49216807,10.14530695,55.46192286
67494,7867,Søndersø,2023-03-24T22:28:38.837Z,2023-03-24T22:28:38.837Z,5,10.20528645,55.45290077,10.31057635,55.51160628,10.25686009,55.48276728
66384,7868,Agedrup,2023-03-24T22:28:38.837Z,2023-03-24T22:28:38.837Z,4,10.45897813,55.41757508,10.53155915,55.45352207,10.49271239,55.43329273
59003,7869,Marslev,2023-03-24T22:28:38.837Z,2023-03-24T22:28:38.837Z,3,10.47835674,55.35980478,10.56935127,55.42649859,10.52461821,55.40611756
59002,7870,Birkende,2023-03-24T22:28:38.837Z,2023-03-24T22:28:38.837Z,5,10.53090667,55.35074901,10.60847017,55.39923036,10.56035138,55.38281778
57254,7871,Rynkeby,2023-03-24T22:28:38.837Z,2023-03-24T22:28:38.837Z,5,10.58211936,55.36690089,10.65218685,55.42484411,10.61315086,55.38739726
65991,7872,Revninge,2023-03-24T22:28:38.837Z,2023-03-24T22:28:38.837Z,3,10.63482523,55.40904619,10.70285274,55.44343675,10.66785001,55.42726097
65990,7873,Mesinge,2023-03-24T22:28:38.837Z,2023-03-24T22:28:38.837Z,3,10.56449336,55.46576705,10.68363175,55.53225658,10.64957002,55.48944218
65992,7874,Viby,2023-03-24T22:28:38.837Z,2023-03-24T22:28:38.837Z,3,10.66242678,55.46232222,10.80281281,55.56344933,10.70785108,55.49030121
65671,7875,Dalby,2023-03-24T22:28:38.837Z,2023-03-24T22:28:38.837Z,3,10.62535815,55.50363663,10.70714575,55.53462766,10.68415734,55.51624605
65672,7876,Stubberup,2023-03-24T22:28:38.837Z,2023-03-24T22:28:38.837Z,3,10.58451806,55.52152443,10.68919128,55.62064498,10.64827135,55.54494071
66386,7877,Seden,2023-03-24T22:28:38.837Z,2023-03-24T22:28:38.837Z,3,10.42194545,55.41129525,10.46833523,55.44431976,10.45108082,55.42898504
59572,7878,Åsum,2023-03-24T22:28:38.837Z,2023-03-24T22:28:38.837Z,4,10.44688163,55.37555943,10.50730416,55.42231852,10.47856545,55.40025077
59009,7879,Fraugde,2023-03-24T22:28:38.837Z,2023-03-24T22:28:38.837Z,4,10.44377884,55.32030946,10.53897266,55.39041861,10.49796058,55.36581567
59005,7880,Allerup,2023-03-24T22:28:38.837Z,2023-03-24T22:28:38.837Z,4,10.44310494,55.31784938,10.49831872,55.35425946,10.47029499,55.33810393
59008,7881,Davinde,2023-03-24T22:28:38.837Z,2023-03-24T22:28:38.837Z,3,10.51039207,55.32236835,10.57750001,55.36234459,10.55050199,55.33938797
57255,7882,Rønninge,2023-03-24T22:28:38.837Z,2023-03-24T22:28:38.837Z,5,10.55477074,55.32219397,10.65440704,55.36703083,10.60751769,55.34563608
59574,7883,Rolsted,2023-03-24T22:28:38.837Z,2023-03-24T22:28:38.837Z,4,10.53041569,55.2905379,10.61595581,55.34326816,10.57558804,55.31825944
59575,7884,Sønder Nærå,2023-08-28T21:05:57.135Z,2023-08-28T21:05:57.135Z,6,10.45921263,55.2815559,10.53849252,55.32486862,10.49819563,55.30755589
59573,7885,Nørre Lyndelse,2023-03-24T22:28:38.837Z,2023-03-24T22:28:38.837Z,5,10.33278517,55.26985952,10.44405134,55.3345346,10.39309129,55.31082314
59038,7886,Højby,2023-03-24T22:28:38.837Z,2023-03-24T22:28:38.837Z,6,10.4071965,55.30826474,10.46430482,55.34946218,10.43404394,55.32641065
64037,7887,Nørre Søby,2023-03-24T22:28:38.837Z,2023-03-24T22:28:38.837Z,4,10.33974119,55.25928639,10.42256045,55.29908711,10.38051187,55.2779753
66400,7888,Norup,2023-03-24T22:28:38.837Z,2023-03-24T22:28:38.837Z,4,10.38018718,55.51343871,10.56387131,55.56951902,10.43172105,55.5475142
66387,7889,Østrup,2023-03-24T22:28:38.837Z,2023-03-24T22:28:38.837Z,3,10.37528211,55.46262273,10.48356622,55.51350856,10.42056799,55.48191472
66546,7890,Skeby,2023-03-24T22:28:38.837Z,2023-03-24T22:28:38.837Z,3,10.41356449,55.47548133,10.53886922,55.53782573,10.45306303,55.50871944
66548,7891,Otterup,2023-07-04T21:01:52.677Z,2023-07-04T21:01:52.677Z,5,10.35590881,55.47404853,10.4308181,55.53663492,10.39114688,55.50820081
66983,7892,Hjadstrup,2023-03-24T22:28:38.837Z,2023-03-24T22:28:38.837Z,3,10.32141386,55.50403137,10.38994575,55.54784281,10.35472162,55.52718647
29619,7894,Vor Frelsers,2024-05-27T21:01:23.728Z,2024-05-27T21:01:23.728Z,9,9.52140652,55.70397977,9.58825759,55.72152211,9.54852306,55.71085992
29560,7895,Sankt Johannes,2025-01-31T22:02:07.049Z,2025-01-31T22:02:07.049Z,7,9.47265205,55.70530077,9.53288163,55.71919138,9.5178321,55.71254024
29446,7896,Hornstrup,2023-03-24T22:28:38.837Z,2023-03-24T22:28:38.837Z,9,9.53213333,55.71518618,9.60231531,55.76433694,9.57206251,55.74673827
29274,7897,Øster Snede,2023-03-24T22:28:38.837Z,2023-03-24T22:28:38.837Z,4,9.58468169,55.75161943,9.67917349,55.83993949,9.63721684,55.7785202
29277,7898,Grejs,2025-01-01T22:02:15.652Z,2025-01-01T22:02:15.652Z,14,9.49096369,55.7515436,9.59895407,55.7960039,9.54205351,55.76445506
29278,7899,Sindbjerg,2025-01-01T22:02:15.652Z,2025-01-01T22:02:15.652Z,9,9.51355637,55.77265311,9.61945211,55.83420091,9.56193166,55.7963291
38968,7900,Uldum,2023-03-24T22:28:38.837Z,2023-03-24T22:28:38.837Z,4,9.53043323,55.82759733,9.61286335,55.87299028,9.57024334,55.84651524
38823,7901,Langskov,2023-03-24T22:28:38.837Z,2023-03-24T22:28:38.837Z,4,9.48260075,55.79738624,9.55396597,55.85629882,9.52661545,55.82942795
33786,7903,Bredsten,2023-11-17T22:12:07.743Z,2023-11-17T22:12:07.743Z,6,9.27977699,55.64833553,9.43079101,55.73834566,9.36919196,55.69799879
33212,7904,Skibet,2025-01-31T22:02:07.049Z,2025-01-31T22:02:07.049Z,11,9.40194256,55.6708729,9.50938026,55.72772495,9.46303253,55.69603315
33210,7905,Jelling,2024-01-31T22:01:34.779Z,2024-01-31T22:01:34.779Z,8,9.34625814,55.72492714,9.50259993,55.80189395,9.41673791,55.7482014
29491,7906,Hover,2024-06-07T21:01:24.304Z,2024-06-07T21:01:24.304Z,10,9.44463136,55.71434361,9.53831491,55.75949504,9.5031057,55.73400002
33211,7907,Kollerup,2024-05-28T21:01:26.357Z,2024-05-28T21:01:26.357Z,5,9.40178738,55.76166888,9.49764331,55.79326017,9.44648543,55.77978137
29275,7908,Vindelev,2024-05-28T21:01:26.357Z,2024-05-28T21:01:26.357Z,7,9.46234922,55.76828744,9.51772945,55.81046554,9.49038775,55.79377402
29885,7909,Trinitatis,2023-03-24T22:28:38.837Z,2023-03-24T22:28:38.837Z,4,9.75555647,55.55573523,9.7825895,55.5784154,9.76343826,55.56667817
28538,7910,Vejlby,2023-03-24T22:28:38.837Z,2023-03-24T22:28:38.837Z,5,9.71242931,55.59113743,9.85981944,55.62883207,9.78838289,55.61004551
29884,7911,Sankt Michaelis,2023-03-24T22:28:38.837Z,2023-03-24T22:28:38.837Z,5,9.72478353,55.55734108,9.76040262,55.58257123,9.74848159,55.56536183
29878,7912,Christians,2023-03-24T22:28:38.837Z,2023-03-24T22:28:38.837Z,5,9.71627558,55.57065555,9.79499519,55.59707036,9.7537992,55.58554563
30997,7913,Erritsø,2024-11-11T22:06:14.416Z,2024-11-11T22:06:14.416Z,14,9.65575342,55.52344542,9.72615638,55.55920635,9.68585189,55.54285758
30852,7914,Bredstrup,2024-11-11T22:06:14.416Z,2024-11-11T22:06:14.416Z,10,9.62896826,55.5544149,9.72965555,55.61181816,9.67332475,55.57963472
31276,7915,Taulov,2023-08-29T21:01:42.261Z,2023-08-29T21:01:42.261Z,12,9.56875155,55.50886821,9.67666393,55.56832642,9.62498502,55.53378891
28762,7916,Gauerslund,2023-03-24T22:28:38.837Z,2023-03-24T22:28:38.837Z,5,9.58950707,55.60151423,9.70918304,55.69522098,9.65070308,55.66582464
28822,7917,Vinding,2023-03-24T22:28:38.837Z,2023-03-24T22:28:38.837Z,5,9.53775045,55.66030679,9.61153984,55.69459162,9.58263834,55.67791821
28779,7918,Skærup,2023-03-24T22:28:38.837Z,2023-03-24T22:28:38.837Z,6,9.53762733,55.63026086,9.63170288,55.67236161,9.58139156,55.64877754
28806,7919,Mølholm,2024-01-23T22:04:07.687Z,2024-01-23T22:04:07.687Z,5,9.53463454,55.68302261,9.56713186,55.7023698,9.55351255,55.69251012
28795,7920,Smidstrup,2024-01-23T22:04:07.687Z,2024-01-23T22:04:07.687Z,7,9.49223687,55.57820692,9.6273639,55.64652566,9.5599352,55.61704934
28982,7921,Pjedsted,2023-03-24T22:28:38.837Z,2023-03-24T22:28:38.837Z,3,9.61647496,55.58176788,9.66871096,55.62224404,9.64276217,55.6046972
28776,7922,Gårslev,2023-03-24T22:28:38.837Z,2023-03-24T22:28:38.837Z,5,9.66199365,55.60852888,9.75048867,55.66687873,9.71212326,55.63592093
28798,7923,Højen,2024-01-23T22:04:07.687Z,2024-01-23T22:04:07.687Z,5,9.4514622,55.63231201,9.56263135,55.69580742,9.50917883,55.65893853
33849,7924,Jerlev,2024-02-08T22:01:20.857Z,2024-02-08T22:01:20.857Z,6,9.40944116,55.63043811,9.48503154,55.69252961,9.44815498,55.66687855
33805,7925,Egtved,2025-01-01T22:02:15.652Z,2025-01-01T22:02:15.652Z,9,9.18478008,55.56685998,9.38624435,55.67189979,9.29007854,55.6166268
34089,7926,Ødsted,2024-05-28T21:01:26.357Z,2024-05-28T21:01:26.357Z,10,9.34333708,55.61286569,9.45681845,55.68489721,9.38715887,55.63095688
30706,7927,Sankt Nicolai,2023-03-24T22:28:38.837Z,2023-03-24T22:28:38.837Z,7,9.44453986,55.48637675,9.51817964,55.5114538,9.50429677,55.50452354
31873,7928,Kristkirkens,2023-03-24T22:28:38.837Z,2023-03-24T22:28:38.837Z,5,9.44495269,55.46672153,9.48535556,55.49431362,9.46807223,55.48045296
30596,7929,Brændkær,2023-03-24T22:28:38.837Z,2023-03-24T22:28:38.837Z,5,9.47115946,55.46787993,9.50769642,55.48926772,9.49395638,55.48344211
31278,7930,Eltang,2023-11-02T22:05:36.260Z,2023-11-02T22:05:36.260Z,7,9.4624644,55.51107469,9.59018894,55.55483626,9.52028731,55.54023031
31280,7931,Sønder Vilstrup,2023-04-12T21:02:43.772Z,2023-04-12T21:02:43.772Z,6,9.52954596,55.53264753,9.59917898,55.58100906,9.55720096,55.55839824
31279,7932,Nørre Bjert,2023-03-24T22:28:38.837Z,2023-03-24T22:28:38.837Z,3,9.49652563,55.49622614,9.58641343,55.52702396,9.53472525,55.50712357
31419,7933,Harte,2023-03-24T22:28:38.837Z,2023-03-24T22:28:38.837Z,5,9.35527934,55.4939923,9.45980625,55.54193433,9.4198451,55.51513787
31310,7934,Bramdrup,2023-03-24T22:28:38.837Z,2023-03-24T22:28:38.837Z,3,9.43925047,55.50753809,9.50616791,55.53918025,9.47658684,55.52531407
31275,7935,Herslev,2023-03-24T22:28:38.837Z,2023-03-24T22:28:38.837Z,3,9.55724076,55.54343738,9.64959947,55.60700898,9.59700852,55.57716211
31277,7936,Almind,2023-11-02T22:05:36.260Z,2023-11-02T22:05:36.260Z,5,9.42147592,55.53301981,9.5431061,55.57622868,9.45162343,55.55485488
31281,7937,Viuf,2024-01-30T22:08:47.445Z,2024-01-30T22:08:47.445Z,9,9.4482687,55.56757457,9.53683486,55.62994999,9.49837683,55.58674424
31308,7938,Øster Starup,2024-01-31T22:01:34.779Z,2024-01-31T22:01:34.779Z,10,9.36802868,55.57039369,9.49842505,55.63653629,9.42566736,55.59686091
31307,7939,Vester Nebel,2023-03-24T22:28:38.837Z,2023-03-24T22:28:38.837Z,4,9.35576567,55.5354097,9.42843355,55.58245265,9.38950591,55.56710482
31874,7940,Vonsild,2023-03-24T22:28:38.837Z,2023-03-24T22:28:38.837Z,7,9.41892933,55.41170829,9.51448303,55.46987708,9.46304328,55.44300343
30621,7941,Dalby,2023-03-24T22:28:38.837Z,2023-03-24T22:28:38.837Z,3,9.48719678,55.43014321,9.54579592,55.49046082,9.52942426,55.4792049
30740,7942,Sønder Bjert,2023-03-24T22:28:38.837Z,2023-03-24T22:28:38.837Z,4,9.51113479,55.41793934,9.6136958,55.49832924,9.55989413,55.44551091
30784,7943,Sønder Stenderup,2023-03-24T22:28:38.837Z,2023-03-24T22:28:38.837Z,4,9.5897048,55.42902948,9.69407835,55.4987656,9.63591734,55.45931301
24957,7944,Hejls,2023-03-24T22:28:38.837Z,2023-03-24T22:28:38.837Z,3,9.54238315,55.35983808,9.62247453,55.41050594,9.58935444,55.38747337
30510,7945,Vejstrup,2023-03-24T22:28:38.837Z,2023-03-24T22:28:38.837Z,5,9.50278769,55.375861,9.59875697,55.43364397,9.53858446,55.40685444
31881,7946,Ødis,2023-03-24T22:28:38.837Z,2023-03-24T22:28:38.837Z,3,9.28397818,55.36819002,9.45718445,55.44380948,9.35708498,55.39872673
26883,7947,Taps,2023-03-24T22:28:38.837Z,2023-03-24T22:28:38.837Z,5,9.38945843,55.37757356,9.50982286,55.42451983,9.48226981,55.40053371
28466,7948,Nebsager,2023-03-24T22:28:38.837Z,2023-03-24T22:28:38.837Z,4,9.82476771,55.73433795,9.9081887,55.76983931,9.86895848,55.75041086
28738,7949,Bjerre,2023-03-24T22:28:38.837Z,2023-03-24T22:28:38.837Z,3,9.81829712,55.7622388,9.89977083,55.80838035,9.84897187,55.78636741
28365,7950,Urlev,2023-03-24T22:28:38.837Z,2023-03-24T22:28:38.837Z,3,9.73442613,55.74761514,9.8126046,55.79471685,9.75300498,55.78381211
28467,7951,Stenderup,2023-03-24T22:28:38.837Z,2023-03-24T22:28:38.837Z,4,9.76476094,55.7523425,9.83675196,55.81614458,9.79730002,55.78757792
28425,7952,Ørum,2023-03-24T22:28:38.837Z,2023-03-24T22:28:38.837Z,4,9.72827342,55.7126938,9.77812485,55.75648222,9.75212166,55.73591031
28174,7953,Daugård,2023-03-24T22:28:38.837Z,2023-03-24T22:28:38.837Z,3,9.67187036,55.7023326,9.7407119,55.74467792,9.70702101,55.72351477
28741,7954,Stouby,2023-03-24T22:28:38.837Z,2023-03-24T22:28:38.837Z,3,9.71410628,55.66863771,9.8525984,55.75515473,9.79747872,55.70326407
28465,7955,Hornum,2023-03-24T22:28:38.837Z,2023-03-24T22:28:38.837Z,4,9.77504692,55.72892116,9.84243204,55.75782936,9.81554462,55.74507942
28463,7956,Barrit,2023-03-24T22:28:38.837Z,2023-03-24T22:28:38.837Z,4,9.8280215,55.67275844,9.95135788,55.74664311,9.89462208,55.70831449
28468,7957,Vrigsted,2023-03-24T22:28:38.837Z,2023-03-24T22:28:38.837Z,4,9.80754486,55.70047695,9.8663371,55.74209199,9.84388962,55.72849315
68663,7958,As,2023-03-24T22:28:38.837Z,2023-03-24T22:28:38.837Z,4,9.97277842,55.72722586,10.08322726,55.77659391,10.00608029,55.74751775
68496,7959,Klakring,2023-03-24T22:28:38.837Z,2023-03-24T22:28:38.837Z,3,9.92398644,55.69345268,9.99765363,55.73150576,9.96437276,55.7082689
68745,7960,Rårup,2023-03-24T22:28:38.837Z,2023-03-24T22:28:38.837Z,4,9.86878446,55.74998263,9.99767021,55.80748612,9.92417505,55.77571235
68746,7961,Skjold,2024-05-27T21:01:23.728Z,2024-05-27T21:01:23.728Z,6,9.9174498,55.77850253,10.0005912,55.83234587,9.9637289,55.81717996
70302,7962,Glud,2024-05-27T21:01:23.728Z,2024-05-27T21:01:23.728Z,6,9.97014008,55.77351498,10.06691199,55.84418572,10.02141548,55.8024176
70362,7963,Hjarnø,2018-04-30T15:23:13.528Z,2015-06-18T19:50:06.959Z,2,10.05631928,55.81736563,10.10219272,55.83505095,10.08167578,55.82444555
38290,7964,Hatting,2023-07-06T21:01:47.079Z,2023-07-06T21:01:47.079Z,11,9.71250009,55.80529166,9.81702009,55.88267443,9.76509837,55.85805531
38266,7965,Ølsted,2023-03-24T22:28:38.837Z,2023-03-24T22:28:38.837Z,3,9.73250862,55.79017303,9.78597325,55.83524219,9.75917414,55.81567
38396,7966,Torsted,2023-03-24T22:28:38.837Z,2023-03-24T22:28:38.837Z,7,9.7652465,55.80722768,9.83732071,55.85570604,9.79993659,55.83076426
38432,7967,Tyrsted,2023-03-24T22:28:38.837Z,2023-03-24T22:28:38.837Z,8,9.80483837,55.79718338,9.87915728,55.85363601,9.8504037,55.82611177
38442,7968,Uth,2023-03-24T22:28:38.837Z,2023-03-24T22:28:38.837Z,5,9.83876693,55.79819532,9.96080639,55.84810728,9.90615492,55.82310082
28288,7969,Løsning,2023-03-24T22:28:38.837Z,2023-03-24T22:28:38.837Z,4,9.66459852,55.78374225,9.750122,55.82391589,9.69946407,55.80396848
38191,7970,Korning,2023-07-06T21:01:47.079Z,2023-07-06T21:01:47.079Z,5,9.67083596,55.81550044,9.7456562,55.86705986,9.70959756,55.85392375
28270,7971,Hedensted,2023-11-02T22:05:36.260Z,2023-11-02T22:05:36.260Z,7,9.65156195,55.73554268,9.74438646,55.80030438,9.69795012,55.76494531
28360,7972,Store Dalby,2023-11-02T22:05:36.260Z,2023-11-02T22:05:36.260Z,5,9.7281212,55.75254074,9.77356286,55.7757028,9.7521495,55.76408781
29363,7973,Engum,2023-03-24T22:28:38.837Z,2023-03-24T22:28:38.837Z,7,9.59924242,55.70738272,9.68673857,55.75988056,9.64912077,55.73574572
40947,7974,Brande,2025-05-28T21:01:54.619Z,2025-05-28T21:01:54.619Z,11,8.98244184,55.86913061,9.21968842,56.00438819,9.14009361,55.95522974
40122,7975,Givskud,2024-01-31T22:01:34.779Z,2024-01-31T22:01:34.779Z,7,9.27331191,55.78504504,9.40059937,55.8553076,9.32817342,55.81888039
40565,7976,Øster Nykirke,2023-03-24T22:28:38.837Z,2023-03-24T22:28:38.837Z,4,9.28344235,55.83287296,9.3983233,55.920397,9.35661633,55.86028067
39656,7977,Thyregod,2023-03-24T22:28:38.837Z,2023-03-24T22:28:38.837Z,4,9.1499092,55.86593793,9.34515607,55.95671855,9.25047984,55.91279478
40579,7978,Vester,2023-03-24T22:28:38.837Z,2023-03-24T22:28:38.837Z,3,9.3047843,55.88666737,9.38966754,55.93819801,9.34385778,55.91348069
3207,7979,Sønder Omme,2023-03-24T22:28:38.837Z,2023-03-24T22:28:38.837Z,3,8.79421911,55.79160919,8.9799484,55.89583018,8.89327395,55.85038396
40580,7980,Blåhøj,2023-03-24T22:28:38.837Z,2023-03-24T22:28:38.837Z,3,8.95774757,55.83062962,9.08497514,55.88486886,9.00853471,55.85867066
8444,7981,Filskov,2023-03-24T22:28:38.837Z,2023-03-24T22:28:38.837Z,3,8.9495169,55.76903524,9.07781821,55.85066849,9.01577156,55.80576784
34711,7982,Ringive,2023-03-24T22:28:38.837Z,2023-03-24T22:28:38.837Z,3,9.11428667,55.74856312,9.21585794,55.82792108,9.1559266,55.77928394
40574,7983,Give,2024-02-05T22:01:25.064Z,2024-02-05T22:01:25.064Z,5,9.11747252,55.8141221,9.29920082,55.90233161,9.24091935,55.84750223
33208,7984,Gadbjerg,2024-02-05T22:01:25.064Z,2024-02-05T22:01:25.064Z,6,9.24275548,55.73262922,9.37576488,55.80065602,9.30702622,55.76660383
34710,7985,Lindeballe,2024-02-05T22:01:25.064Z,2024-02-05T22:01:25.064Z,5,9.13412333,55.72104259,9.2709105,55.80618322,9.20215884,55.74252722
33255,7986,Nørup,2023-10-12T21:20:04.707Z,2023-10-12T21:20:04.707Z,5,9.22954734,55.66011229,9.37499376,55.76044947,9.29671321,55.71279604
34357,7987,Randbøl,2024-02-05T22:01:25.064Z,2024-02-05T22:01:25.064Z,6,9.14874908,55.62616693,9.29276143,55.73451686,9.21283662,55.68619461
35718,7988,Gammel Rye,2023-03-24T22:28:38.837Z,2023-03-24T22:28:38.837Z,3,9.63204426,56.038098,9.7894709,56.12177361,9.68645379,56.08317411
36242,7989,Sønder Vissing,2023-03-24T22:28:38.837Z,2023-03-24T22:28:38.837Z,8,9.57888615,55.99580881,9.71180479,56.0701977,9.65661327,56.0304729
378443,7990,Voerladegård,2023-03-24T22:28:38.837Z,2023-03-24T22:28:38.837Z,8,9.70034738,56.00752978,9.8318102,56.04136176,9.73548821,56.02530596
39087,7991,Grædstrup,2023-03-24T22:28:38.837Z,2023-03-24T22:28:38.837Z,8,9.46185274,55.95234552,9.61490978,56.01424013,9.53342149,55.98244406
36437,7992,Vinding,2023-03-24T22:28:38.837Z,2023-03-24T22:28:38.837Z,5,9.52850203,56.0022909,9.60903865,56.06299797,9.57389146,56.02536921
36355,7993,Bryrup,2023-03-24T22:28:38.837Z,2023-03-24T22:28:38.837Z,4,9.4590726,55.99362757,9.54964111,56.0523628,9.51841972,56.03347835
39131,7994,Brædstrup,2024-05-27T21:01:23.728Z,2024-05-27T21:01:23.728Z,9,9.53477797,55.94137995,9.64016642,55.98822819,9.57575668,55.95782557
39084,7995,Føvling,2024-01-10T22:10:55.667Z,2024-01-10T22:10:55.667Z,7,9.57204701,55.908774,9.66316539,55.96299118,9.60387551,55.9321943
39169,7996,Tønning,2024-05-27T21:01:23.728Z,2024-05-27T21:01:23.728Z,10,9.60582481,55.97125311,9.70449821,56.00564172,9.63331102,55.9920896
36315,7997,Træden,2023-03-24T22:28:38.837Z,2023-03-24T22:28:38.837Z,4,9.62915968,55.93949865,9.69579258,55.98122183,9.65920134,55.96334832
36431,7998,Them,2023-03-24T22:28:38.837Z,2023-03-24T22:28:38.837Z,5,9.39599031,56.04522324,9.65253328,56.14661527,9.5072165,56.08751972
40086,7999,Nørre Snede,2023-03-24T22:28:38.837Z,2023-03-24T22:28:38.837Z,5,9.33110278,55.90966061,9.47489105,56.0054497,9.39988767,55.96802545
40072,8000,Ejstrup,2023-03-24T22:28:38.837Z,2023-03-24T22:28:38.837Z,6,9.12477896,55.9306134,9.38271272,56.06441574,9.21097824,56.00889106
38992,8001,Åle,2024-01-10T22:10:55.667Z,2024-01-10T22:10:55.667Z,7,9.52023762,55.86324625,9.61844876,55.91843789,9.54830531,55.89063896
38868,8002,Linnerup,2023-03-24T22:28:38.837Z,2023-03-24T22:28:38.837Z,4,9.4642691,55.86219371,9.55244511,55.90728109,9.49545131,55.89437438
38961,8003,Tørring,2023-03-24T22:28:38.837Z,2023-03-24T22:28:38.837Z,5,9.4399426,55.8322538,9.55784427,55.88786494,9.48524088,55.8520741
40092,8004,Hammer,2023-03-24T22:28:38.837Z,2023-03-24T22:28:38.837Z,3,9.38587634,55.87668567,9.47418731,55.92415026,9.44304294,55.89710961
39241,8005,Klovborg,2023-03-24T22:28:38.837Z,2023-03-24T22:28:38.837Z,6,9.43591549,55.8995272,9.56038229,55.98812115,9.48731442,55.92414581
39160,8006,Tyrsting,2023-03-24T22:28:38.837Z,2023-03-24T22:28:38.837Z,5,9.50811954,55.91447682,9.5799307,55.95830923,9.54735525,55.93789011
41665,8007,Vrads,2024-01-23T22:04:07.687Z,2024-01-23T22:04:07.687Z,6,9.30749694,55.99602566,9.49301724,56.10005005,9.39771743,56.05723811
72238,8010,Stilling,2023-03-24T22:28:38.837Z,2023-03-24T22:28:38.837Z,7,9.95770107,56.04281399,10.01868053,56.07935951,9.99128878,56.06092027
72098,8011,Blegind,2023-06-26T21:02:12.794Z,2023-06-26T21:02:12.794Z,4,10.03687262,56.04692505,10.09337614,56.0864386,10.06541568,56.06769786
72108,8012,Hørning,2024-01-23T22:04:07.687Z,2024-01-23T22:04:07.687Z,8,9.98754232,56.05952543,10.06095959,56.10760076,10.03174875,56.08836882
72057,8013,Adslev,2024-11-29T22:03:07.187Z,2024-11-29T22:03:07.187Z,5,9.93460149,56.0766351,10.01429034,56.11434725,9.98687331,56.09631773
35708,8014,Dover,2023-03-24T22:28:38.837Z,2023-03-24T22:28:38.837Z,5,9.77317926,56.03659162,9.89933051,56.10718033,9.83456314,56.06910147
35652,8015,Veng,2023-10-12T21:20:04.707Z,2023-10-12T21:20:04.707Z,6,9.81530703,56.07635858,9.94415749,56.14482687,9.90307946,56.10774658
72049,8016,Mesing,2023-03-24T22:28:38.837Z,2023-03-24T22:28:38.837Z,4,9.91460179,56.05296916,9.96408024,56.09220621,9.94196523,56.07233509
36961,8017,Silkeborg,2023-03-24T22:28:38.837Z,2023-03-24T22:28:38.837Z,4,9.53950727,56.14361628,9.63601801,56.17606553,9.59033616,56.16071652
36935,8018,Mariehøj,2023-03-24T22:28:38.837Z,2023-03-24T22:28:38.837Z,5,9.49416634,56.13905524,9.57236362,56.17487126,9.52805506,56.16282597
36893,8019,Alderslyst,2023-03-24T22:28:38.837Z,2023-03-24T22:28:38.837Z,7,9.51937548,56.17276894,9.59193055,56.19435185,9.55118621,56.1834558
36930,8020,Linå,2023-03-24T22:28:38.837Z,2023-03-24T22:28:38.837Z,4,9.60455642,56.1134556,9.75964347,56.19056466,9.69424027,56.14528553
36871,8021,Voel,2023-03-24T22:28:38.837Z,2023-03-24T22:28:38.837Z,3,9.64897947,56.16835053,9.74969105,56.2160796,9.69669644,56.19652935
44590,8022,Hammel,2023-03-24T22:28:38.837Z,2023-03-24T22:28:38.837Z,3,9.83655952,56.23105419,9.95173327,56.28480988,9.89749084,56.26510348
44734,8023,Voldby,2023-03-24T22:28:38.837Z,2023-03-24T22:28:38.837Z,3,9.86111851,56.21288223,9.93194609,56.25068367,9.89150352,56.23228385
44733,8024,Søby,2023-03-24T22:28:38.837Z,2023-03-24T22:28:38.837Z,3,9.75394673,56.23022868,9.84597487,56.27128877,9.81920729,56.24577404
44580,8025,Skorup,2024-05-27T21:01:23.728Z,2024-05-27T21:01:23.728Z,6,9.71512488,56.25992438,9.78229587,56.30774541,9.75154152,56.28285765
45104,8026,Tvilum,2023-03-24T22:28:38.837Z,2023-03-24T22:28:38.837Z,6,9.65505833,56.21236048,9.7524122,56.30264576,9.69272328,56.26966069
35342,8029,Røgen,2023-03-24T22:28:38.837Z,2023-03-24T22:28:38.837Z,3,9.75875356,56.188325,9.85871292,56.21963734,9.80435643,56.20396697
44847,8030,Sporup,2023-03-24T22:28:38.837Z,2023-03-24T22:28:38.837Z,3,9.77593035,56.18910968,9.89848087,56.23535094,9.84718016,56.2182431
35277,8031,Dallerup,2023-03-24T22:28:38.837Z,2023-03-24T22:28:38.837Z,3,9.73928153,56.15851105,9.86155971,56.19787218,9.78230981,56.17825136
35364,8032,Låsby,2023-03-24T22:28:38.837Z,2023-03-24T22:28:38.837Z,3,9.74511132,56.132082,9.86795034,56.17159967,9.79989104,56.14837669
35701,8033,Alling,2023-03-24T22:28:38.837Z,2023-03-24T22:28:38.837Z,3,9.71122158,56.09315726,9.75034128,56.13630254,9.72873063,56.11666102
35735,8034,Tulstrup,2023-04-28T21:12:53.123Z,2023-04-28T21:12:53.123Z,4,9.7421629,56.09793444,9.86304071,56.13810402,9.78002181,56.11797122
72132,8035,Fruering,2023-03-24T22:28:38.837Z,2023-03-24T22:28:38.837Z,5,9.95161472,55.98062335,10.05925641,56.04557934,10.00698474,56.0226231
72375,8036,Vitved,2023-03-24T22:28:38.837Z,2023-03-24T22:28:38.837Z,4,10.00772742,56.03088712,10.08056803,56.06429544,10.02946435,56.05086333
37654,8037,Østbirk,2023-03-24T22:28:38.837Z,2023-03-24T22:28:38.837Z,7,9.68351185,55.93092857,9.85591144,56.01092174,9.78340795,55.95684232
37653,8038,Yding,2023-03-24T22:28:38.837Z,2023-03-24T22:28:38.837Z,5,9.7052472,55.97392009,9.81172798,56.01950187,9.77513934,56.00071604
37446,8039,Ovsted,2023-03-24T22:28:38.837Z,2023-03-24T22:28:38.837Z,4,9.79631622,55.95371224,9.90380946,56.00775219,9.85661019,55.97629827
37448,8040,Tåning,2023-03-24T22:28:38.837Z,2023-03-24T22:28:38.837Z,3,9.81103399,55.98508815,9.90480585,56.03718468,9.86705007,56.00616845
70804,8041,Hylke,2023-03-24T22:28:38.837Z,2023-03-24T22:28:38.837Z,3,9.88886186,55.96796052,10.00547727,56.02511882,9.93687186,55.99946519
37592,8042,Kattrup,2023-03-24T22:28:38.837Z,2023-03-24T22:28:38.837Z,7,9.86559178,55.93320173,9.96598323,55.97133668,9.90861629,55.95503024
37636,8043,Tolstrup,2023-03-24T22:28:38.837Z,2023-03-24T22:28:38.837Z,8,9.79856536,55.91684358,9.88315019,55.9569975,9.84428037,55.93220183
70775,8044,Ørridslev,2023-03-24T22:28:38.837Z,2023-03-24T22:28:38.837Z,6,9.87979781,55.89495658,9.98699651,55.96115561,9.94488202,55.93999997
70767,8045,Vedslet,2023-03-24T22:28:38.837Z,2023-03-24T22:28:38.837Z,3,9.94205067,55.94330697,10.03654495,55.99279607,9.99196969,55.96744919
37683,8046,Lundum,2023-03-24T22:28:38.837Z,2023-03-24T22:28:38.837Z,5,9.74200846,55.90277969,9.80794636,55.93895375,9.77197125,55.92359241
38277,8047,Hansted,2023-03-24T22:28:38.837Z,2023-03-24T22:28:38.837Z,7,9.78214243,55.87513984,9.88379336,55.92658344,9.84021385,55.90061767
38484,8048,Vær,2023-03-24T22:28:38.837Z,2023-03-24T22:28:38.837Z,6,9.89037827,55.85735687,9.97963157,55.9087408,9.93945911,55.87597129
38330,8049,Nebel,2023-03-24T22:28:38.837Z,2023-03-24T22:28:38.837Z,6,9.85256598,55.87634898,9.93266774,55.92813115,9.90341935,55.9025589
70652,8050,Gangsted,2023-03-24T22:28:38.837Z,2023-03-24T22:28:38.837Z,3,9.97562716,55.90848515,10.02888934,55.95005387,10.00369708,55.93591647
70224,8051,Søvind,2025-01-01T22:02:15.652Z,2025-01-01T22:02:15.652Z,10,9.93989758,55.86000334,10.04930976,55.94454834,9.99856817,55.89624849
38310,8052,Klostersogn,2023-03-24T22:28:38.837Z,2023-03-24T22:28:38.837Z,8,9.84123913,55.85026219,9.89756004,55.87836801,9.8772845,55.86964174
38472,8053,Vor Frelsers,2023-03-24T22:28:38.837Z,2023-03-24T22:28:38.837Z,9,9.811678,55.86142251,9.86448155,55.88740906,9.82482968,55.87795632
38387,8054,Tamdrup,2024-02-05T22:01:25.064Z,2024-02-05T22:01:25.064Z,11,9.68753475,55.86322546,9.81808367,55.92786487,9.73763289,55.8945113
39119,8055,Nim,2024-01-23T22:04:07.687Z,2024-01-23T22:04:07.687Z,5,9.63363353,55.90254073,9.72840782,55.94310063,9.67990454,55.92483967
39231,8056,Underup,2023-03-24T22:28:38.837Z,2023-03-24T22:28:38.837Z,6,9.66444527,55.92552395,9.75759493,55.96891056,9.73026639,55.94223183
38803,8057,Hvirring,2024-02-05T22:01:25.064Z,2024-02-05T22:01:25.064Z,10,9.56446642,55.85753416,9.69507745,55.92520714,9.64810568,55.89427789
38774,8058,Hornborg,2023-03-24T22:28:38.837Z,2023-03-24T22:28:38.837Z,6,9.59676444,55.82509911,9.69229087,55.87784365,9.66037577,55.84777626
68449,8059,Endelave,2018-04-30T15:23:13.528Z,2015-06-18T19:50:06.959Z,2,10.21141736,55.74087123,10.36590708,55.84187057,10.30650605,55.75324129
76293,8060,Lyngå,2023-03-24T22:28:38.837Z,2023-03-24T22:28:38.837Z,7,9.9400141,56.29731099,10.02978905,56.35386492,9.97856683,56.31828667
76405,8061,Vitten,2023-03-24T22:28:38.837Z,2023-03-24T22:28:38.837Z,4,9.96447621,56.27587317,10.02220324,56.30199087,9.9876038,56.28963893
76367,8062,Haldum,2023-03-24T22:28:38.837Z,2023-03-24T22:28:38.837Z,4,10.0039905,56.26023302,10.09340437,56.30674152,10.06066489,56.28649373
76332,8064,Lading,2025-02-11T22:03:01.550Z,2025-02-11T22:03:01.550Z,5,9.90550273,56.20521799,10.03460176,56.25096583,9.96805517,56.23106255
72958,8065,Fårup,2023-09-28T21:23:06.812Z,2023-09-28T21:23:06.812Z,5,10.04598505,56.1842517,10.10485177,56.22861255,10.06338518,56.19614815
76419,8066,Sabro,2023-03-24T22:28:38.837Z,2023-03-24T22:28:38.837Z,5,9.99579012,56.19692573,10.06792031,56.23217744,10.03866857,56.21183345
76366,8067,Grundfør,2023-03-24T22:28:38.837Z,2023-03-24T22:28:38.837Z,4,10.05848911,56.2423724,10.13595028,56.28813948,10.10448429,56.26865332
76424,8068,Spørring,2023-03-24T22:28:38.837Z,2023-03-24T22:28:38.837Z,3,10.12522395,56.27623858,10.19359761,56.30927722,10.1497304,56.29022885
72627,8069,Søften,2023-03-24T22:28:38.837Z,2023-03-24T22:28:38.837Z,4,10.06505574,56.21585912,10.12967721,56.25739003,10.0984997,56.23540251
76341,8070,Folby,2023-03-24T22:28:38.837Z,2023-03-24T22:28:38.837Z,3,9.93871441,56.22444537,10.07582009,56.2788775,9.99463647,56.26213724
76437,8071,Trige,2023-03-24T22:28:38.837Z,2023-03-24T22:28:38.837Z,3,10.12374584,56.23853318,10.20834931,56.28203014,10.15958126,56.258341
76465,8072,Ølsted,2023-03-24T22:28:38.837Z,2023-03-24T22:28:38.837Z,3,10.12168979,56.21615262,10.16208033,56.24387705,10.13932327,56.23479517
76037,8073,Elsted,2023-03-24T22:28:38.837Z,2023-03-24T22:28:38.837Z,4,10.21026732,56.23354216,10.26023418,56.26290099,10.23224144,56.24616947
75959,8074,Elev,2023-03-24T22:28:38.837Z,2023-03-24T22:28:38.837Z,8,10.17168583,56.21504811,10.23537732,56.24909185,10.20466666,56.22955589
73126,8075,Sjelle,2023-03-24T22:28:38.837Z,2023-03-24T22:28:38.837Z,4,9.88717568,56.16660699,9.95334941,56.21430941,9.92502865,56.18145225
35232,8076,Skjørring,2023-03-24T22:28:38.837Z,2023-03-24T22:28:38.837Z,4,9.85745831,56.16229395,9.91744593,56.20581661,9.87933545,56.18134564
72523,8077,Skivholme,2025-02-11T22:03:01.550Z,2025-02-11T22:03:01.550Z,5,9.91002383,56.17143387,9.99780682,56.21656148,9.96019221,56.19973725
72561,8078,Skovby,2023-03-24T22:28:38.837Z,2023-03-24T22:28:38.837Z,4,9.91597658,56.14328705,9.97484555,56.17316863,9.94705292,56.15949439
72628,8079,Borum,2023-03-24T22:28:38.837Z,2023-03-24T22:28:38.837Z,5,9.98197933,56.17687351,10.06081053,56.20766269,10.01229957,56.19155007
73068,8080,Lyngby,2023-09-28T21:23:06.812Z,2023-09-28T21:23:06.812Z,8,10.02197557,56.15177963,10.07392641,56.18732309,10.04318929,56.16912147
73020,8081,Harlev,2023-03-24T22:28:38.837Z,2023-03-24T22:28:38.837Z,4,9.96600445,56.10731667,10.06228035,56.14926253,9.99844666,56.12752648
72827,8082,Framlev,2023-03-24T22:28:38.837Z,2023-03-24T22:28:38.837Z,4,9.94819428,56.12868109,10.04006459,56.18009634,10.00120798,56.15859407
72619,8083,Storring,2023-10-12T21:20:04.707Z,2023-10-12T21:20:04.707Z,4,9.86365695,56.12226417,9.95909669,56.14864624,9.89165529,56.1369437
72587,8084,Stjær,2023-03-24T22:28:38.837Z,2023-03-24T22:28:38.837Z,3,9.92929979,56.09614366,9.98229183,56.13089483,9.95637236,56.1128545
35167,8085,Galten,2023-03-24T22:28:38.837Z,2023-03-24T22:28:38.837Z,4,9.85072722,56.14299973,9.92558196,56.16785104,9.90710702,56.15700917
69613,8086,Tunø,2018-04-30T15:23:13.528Z,2015-06-18T19:50:06.959Z,2,10.35502802,55.9430304,10.46407252,55.96158132,10.43544835,55.95055136
69832,8087,Odder,2023-03-24T22:28:38.837Z,2023-03-24T22:28:38.837Z,5,10.07505541,55.93247298,10.19118735,56.02290904,10.13655076,55.97756113
70795,8088,Torrild,2023-03-24T22:28:38.837Z,2023-03-24T22:28:38.837Z,3,10.01279149,55.94857056,10.09477425,56.00204095,10.05380775,55.97687938
69874,8089,Saksild,2023-03-24T22:28:38.837Z,2023-03-24T22:28:38.837Z,3,10.1996579,55.96274149,10.28180345,56.02463037,10.22923145,55.98070231
69809,8090,Nølev,2023-03-24T22:28:38.837Z,2023-03-24T22:28:38.837Z,4,10.16241568,55.98176191,10.22027494,56.01962194,10.19838285,55.99806874
69865,8091,Randlev,2023-10-02T21:40:40.918Z,2023-10-02T21:40:40.918Z,5,10.15478429,55.93465301,10.21975055,55.97083937,10.1828818,55.94697632
69798,8092,Bjerager,2023-03-24T22:28:38.837Z,2023-03-24T22:28:38.837Z,4,10.18122161,55.92959585,10.26708516,55.98578244,10.23824651,55.950303
70842,8093,Hundslund,2025-01-01T22:02:15.652Z,2025-01-01T22:02:15.652Z,6,10.01503418,55.87807097,10.09503369,55.95802303,10.05880027,55.90428765
70880,8094,Ørting,2023-03-24T22:28:38.837Z,2023-03-24T22:28:38.837Z,3,10.09271327,55.91524311,10.17851913,55.94966824,10.15248337,55.92738871
70394,8095,Falling,2023-03-24T22:28:38.837Z,2023-03-24T22:28:38.837Z,3,10.06734154,55.86711739,10.15754398,55.95915712,10.11508043,55.90776441
69802,8096,Gosmer,2023-03-24T22:28:38.837Z,2023-03-24T22:28:38.837Z,5,10.15300414,55.89439861,10.24867096,55.94184013,10.1842642,55.9109089
69807,8097,Halling,2023-10-02T21:40:40.918Z,2023-10-02T21:40:40.918Z,5,10.19507256,55.89979718,10.28894583,55.93781466,10.22728696,55.92736491
39285,8098,Gylling,2023-03-24T22:28:38.837Z,2023-03-24T22:28:38.837Z,4,10.12588635,55.83576881,10.24513019,55.90586448,10.16472011,55.88521754
70332,8099,Alrø,2018-04-30T15:23:13.528Z,2015-06-18T19:50:06.959Z,2,10.03039649,55.84192627,10.12679892,55.86994504,10.06745312,55.85849817
71209,8100,Viby,2023-03-24T22:28:38.837Z,2023-03-24T22:28:38.837Z,9,10.13275376,56.11409921,10.1753833,56.14349574,10.15880008,56.13142015
71195,8101,Fredens,2023-03-24T22:28:38.837Z,2023-03-24T22:28:38.837Z,7,10.17054828,56.12049225,10.19473828,56.14038748,10.18202461,56.12764709
71440,8102,Holme,2023-03-24T22:28:38.837Z,2023-03-24T22:28:38.837Z,6,10.15591375,56.09823926,10.19584872,56.12268024,10.17930627,56.11340641
72284,8103,Tranbjerg,2023-03-24T22:28:38.837Z,2023-03-24T22:28:38.837Z,8,10.09597958,56.07734009,10.17632508,56.11291114,10.14439707,56.09645512
71443,8104,Skåde,2023-03-24T22:28:38.837Z,2023-03-24T22:28:38.837Z,5,10.17319317,56.0917677,10.22949297,56.12540129,10.20960006,56.108211
71442,8105,Mårslet,2024-09-23T21:06:44.109Z,2024-09-23T21:06:44.109Z,7,10.11692298,56.04701047,10.25009578,56.09960445,10.17725678,56.07407956
72278,8106,Tiset,2024-09-23T21:06:44.109Z,2024-09-23T21:06:44.109Z,9,10.05793484,56.03678316,10.17062623,56.09458179,10.10202227,56.05558211
73099,8107,Ormslev,2023-03-24T22:28:38.837Z,2023-03-24T22:28:38.837Z,3,10.01714275,56.10966506,10.13683983,56.14796436,10.10308207,56.13533682
72267,8108,Kolt,2024-11-29T22:03:07.187Z,2024-11-29T22:03:07.187Z,8,9.99534071,56.0876616,10.13560239,56.13054854,10.07944279,56.10439108
71439,8109,Beder,2023-03-24T22:28:38.837Z,2023-03-24T22:28:38.837Z,4,10.19211726,56.0464273,10.26045419,56.08458237,10.23619826,56.06719085
71441,8110,Malling,2023-03-24T22:28:38.837Z,2023-03-24T22:28:38.837Z,4,10.16003295,56.00520532,10.27193717,56.06258462,10.21533027,56.03097076
72261,8111,Astrup,2023-03-24T22:28:38.837Z,2023-03-24T22:28:38.837Z,7,10.07799182,56.00312558,10.14480088,56.04904549,10.10198053,56.02558964
72372,8112,Tulstrup,2023-03-24T22:28:38.837Z,2023-03-24T22:28:38.837Z,4,10.1215282,56.00144179,10.1656899,56.04399905,10.14978666,56.02822031
70849,8113,Hvilsted,2023-03-24T22:28:38.837Z,2023-03-24T22:28:38.837Z,3,10.02848272,55.99535775,10.09345865,56.0347324,10.06714836,56.01213658
71214,8114,Aarhus Domsogn,2023-08-21T21:01:57.382Z,2023-08-21T21:01:57.382Z,10,10.19953617,56.13898576,10.2572344,56.16986087,10.24261411,56.15009051
71210,8115,Vor Frue,2023-08-21T21:01:57.382Z,2023-08-21T21:01:57.382Z,7,10.17341327,56.14382244,10.20956951,56.1612448,10.19758166,56.15375642
71204,8116,Sankt Markus,2023-03-24T22:28:38.837Z,2023-03-24T22:28:38.837Z,4,10.18517173,56.15636056,10.20405937,56.17101932,10.19505596,56.16255903
71200,8117,Møllevang,2023-03-24T22:28:38.837Z,2023-03-24T22:28:38.837Z,3,10.16806464,56.15591524,10.19109438,56.17239272,10.18018629,56.16643539
71205,8118,Sankt Pauls,2023-03-24T22:28:38.837Z,2023-03-24T22:28:38.837Z,4,10.19338767,56.08539052,10.25157889,56.1519592,10.20711152,56.12580454
71198,8119,Langenæs,2023-03-24T22:28:38.837Z,2023-03-24T22:28:38.837Z,7,10.17263292,56.13622862,10.19081633,56.14997813,10.1816122,56.14316811
71202,8120,Sankt Johannes,2023-03-24T22:28:38.837Z,2023-03-24T22:28:38.837Z,9,10.19774397,56.16237773,10.23540561,56.1857924,10.22009013,56.17703309
71192,8121,Christians,2023-04-20T21:02:32.537Z,2023-04-20T21:02:32.537Z,9,10.17648096,56.16752635,10.21125076,56.19178583,10.19743726,56.17790121
73124,8122,Åby,2023-03-24T22:28:38.837Z,2023-03-24T22:28:38.837Z,11,10.13660497,56.13856617,10.1805822,56.16256267,10.16125506,56.15197571
71208,8123,Vejlby,2023-03-24T22:28:38.837Z,2023-03-24T22:28:38.837Z,7,10.19422561,56.18221121,10.22929353,56.21174193,10.21346167,56.19061065
71201,8124,Risskov,2023-03-24T22:28:38.837Z,2023-03-24T22:28:38.837Z,3,10.22279367,56.18022067,10.28705021,56.20843669,10.24612385,56.19569752
73042,8125,Hasle,2023-03-24T22:28:38.837Z,2023-03-24T22:28:38.837Z,5,10.13964505,56.15988183,10.17391653,56.1764574,10.15299471,56.16616909
72779,8128,Brabrand,2025-01-28T22:02:44.467Z,2025-01-28T22:02:44.467Z,8,10.08352907,56.14388643,10.13230435,56.166369,10.10280168,56.15611803
73119,8129,Sønder Årslev,2023-05-01T21:02:49.242Z,2023-05-01T21:02:49.242Z,8,10.03406348,56.13811308,10.09039458,56.17003681,10.06983242,56.1524776
73123,8130,Tilst,2024-01-26T22:04:04.599Z,2024-01-26T22:04:04.599Z,9,10.07335921,56.17899928,10.16940807,56.2204648,10.09876129,56.20182276
73062,8131,Kasted,2024-10-22T21:04:04.354Z,2024-10-22T21:04:04.354Z,6,10.11383772,56.19209393,10.16416336,56.2212269,10.13922869,56.20387047
71203,8132,Sankt Lukas,2023-03-24T22:28:38.837Z,2023-03-24T22:28:38.837Z,4,10.18400678,56.12508661,10.20265289,56.14954387,10.19570606,56.13484337
77472,8133,Støvring,2023-03-24T22:28:38.837Z,2023-03-24T22:28:38.837Z,4,10.14518092,56.48869103,10.22882653,56.53679193,10.17034648,56.50731889
77471,8134,Mellerup,2023-03-24T22:28:38.837Z,2023-03-24T22:28:38.837Z,3,10.17680142,56.51150229,10.22604688,56.53587222,10.19988662,56.52489506
76854,8135,Haslund,2024-01-23T22:04:07.687Z,2024-01-23T22:04:07.687Z,16,9.97067694,56.38911185,10.0825884,56.45682219,10.03900644,56.40792024
76861,8136,Ølst,2024-05-28T21:01:26.357Z,2024-05-28T21:01:26.357Z,14,10.03922072,56.37068482,10.14273204,56.45792155,10.09179949,56.39210208
76924,8137,Værum,2024-01-23T22:04:07.687Z,2024-01-23T22:04:07.687Z,4,9.96487785,56.38205672,10.02919631,56.43869551,10.00244565,56.39923343
76987,8138,Ørum,2025-01-01T22:02:15.652Z,2025-01-01T22:02:15.652Z,5,9.9058551,56.36952087,9.99839361,56.43295613,9.94780081,56.40175346
44170,8139,Laurbjerg,2025-01-01T22:02:15.652Z,2025-01-01T22:02:15.652Z,5,9.89229753,56.34808918,9.96918493,56.39431554,9.92854074,56.36496955
76752,8140,Lerbjerg,2023-03-24T22:28:38.837Z,2023-03-24T22:28:38.837Z,4,9.95782813,56.34388929,10.0161212,56.36503195,9.97777,56.35564286
76825,8142,Vissing,2024-01-23T22:04:07.687Z,2024-01-23T22:04:07.687Z,5,9.96765033,56.3481553,10.0415741,56.39155339,10.01064816,56.37267584
75509,8143,Voldum,2024-01-23T22:04:07.687Z,2024-01-23T22:04:07.687Z,9,10.12870374,56.34583785,10.24326203,56.39354519,10.17345514,56.37495249
76824,8144,Rud,2024-01-23T22:04:07.687Z,2024-01-23T22:04:07.687Z,4,10.076963,56.33921197,10.16941624,56.38045758,10.1180267,56.36139459
75761,8145,Årslev,2024-05-28T21:01:26.357Z,2024-05-28T21:01:26.357Z,7,10.11961815,56.38976867,10.16777884,56.42314686,10.14605452,56.40335881
77832,8146,Vorup,2023-03-24T22:28:38.837Z,2023-03-24T22:28:38.837Z,8,9.98617952,56.41815008,10.05948309,56.45796654,10.03129061,56.44661784
76473,8147,Ødum,2023-03-24T22:28:38.837Z,2023-03-24T22:28:38.837Z,4,10.06923581,56.28004015,10.19857686,56.34755133,10.10507048,56.30147861
76739,8148,Hadbjerg,2023-08-21T21:01:57.382Z,2023-08-21T21:01:57.382Z,4,10.06112375,56.31382729,10.12981137,56.35320072,10.10580326,56.33257875
42906,8149,Vester Tørslev,2024-02-05T22:01:25.064Z,2024-02-05T22:01:25.064Z,5,9.87141828,56.57169456,9.91910048,56.60083861,9.89245068,56.58434688
78372,8150,Svenstrup,2024-02-05T22:01:25.064Z,2024-02-05T22:01:25.064Z,5,9.90883289,56.57511828,10.02817251,56.64040963,9.98166314,56.6077767
78509,8151,Asferg,2024-01-23T22:04:07.687Z,2024-01-23T22:04:07.687Z,7,9.88129107,56.52489842,9.97313983,56.58161095,9.93023187,56.54880237
42907,8152,Fårup,2024-01-23T22:04:07.687Z,2024-01-23T22:04:07.687Z,7,9.82760745,56.52840377,9.9083104,56.57464168,9.86398351,56.54414411
43215,8153,Kousted,2024-01-30T22:08:47.445Z,2024-01-30T22:08:47.445Z,5,9.86314501,56.50708864,9.9489322,56.53478526,9.90921744,56.52060673
77764,8154,Råsted,2024-05-27T21:01:23.728Z,2024-05-27T21:01:23.728Z,5,9.90538183,56.47812109,9.98689009,56.53440865,9.94311159,56.50201362
78511,8155,Spentrup,2024-10-22T21:04:04.354Z,2024-10-22T21:04:04.354Z,5,9.9685763,56.51329732,10.08668482,56.56535014,10.04563636,56.54088942
78510,8156,Gassum,2024-10-22T21:04:04.354Z,2024-10-22T21:04:04.354Z,6,9.9479511,56.54208412,10.06029312,56.60241888,9.99299748,56.57280598
78178,8157,Hald,2024-01-23T22:04:07.687Z,2024-01-23T22:04:07.687Z,5,10.04078328,56.53738997,10.16021099,56.58097161,10.09997429,56.55717846
78521,8158,Kærby,2024-01-23T22:04:07.687Z,2024-01-23T22:04:07.687Z,5,10.03950401,56.57834824,10.09463077,56.61528245,10.06637909,56.59606428
73913,8159,Fjellerup,2023-03-24T22:28:38.837Z,2023-03-24T22:28:38.837Z,3,10.5458268,56.47647074,10.63460113,56.52580128,10.59481463,56.50007926
73570,8160,Glesborg,2023-03-24T22:28:38.837Z,2023-03-24T22:28:38.837Z,3,10.61895984,56.45116611,10.75591111,56.53177926,10.66830439,56.50451978
73568,8161,Ørum,2023-03-24T22:28:38.837Z,2023-03-24T22:28:38.837Z,5,10.57406307,56.40381681,10.7273821,56.46365689,10.67454071,56.43492577
74096,8162,Ginnerup,2023-03-24T22:28:38.837Z,2023-03-24T22:28:38.837Z,4,10.68883165,56.38868081,10.80184324,56.4536723,10.75265174,56.43003345
99642,8165,Anholt,2018-04-30T15:23:13.528Z,2016-07-01T20:24:26.944Z,3,11.50542941,56.6856138,11.65848576,56.74077956,11.5586168,56.70602868
99379,8166,Ålsø,2024-05-27T21:01:23.728Z,2024-05-27T21:01:23.728Z,5,10.82993653,56.31072695,10.91786125,56.40638865,10.8751589,56.3627385
74384,8167,Hoed,2023-03-24T22:28:38.837Z,2023-03-24T22:28:38.837Z,4,10.80143668,56.29463241,10.87330139,56.33088631,10.83400884,56.31111448
74054,8168,Vejlby,2023-03-24T22:28:38.837Z,2023-03-24T22:28:38.837Z,3,10.77440777,56.36610835,10.8472507,56.41264048,10.80307222,56.39541909
74030,8169,Homå,2023-03-24T22:28:38.837Z,2023-03-24T22:28:38.837Z,3,10.77503627,56.32472562,10.8422701,56.37514018,10.81267196,56.35606519
74381,8172,Hyllested,2023-03-24T22:28:38.837Z,2023-03-24T22:28:38.837Z,3,10.71648528,56.2424604,10.81347505,56.30409043,10.78530763,56.2572511
74382,8173,Rosmus,2023-03-24T22:28:38.837Z,2023-03-24T22:28:38.837Z,4,10.71891041,56.25662758,10.84903853,56.33435904,10.7582306,56.31831417
74383,8174,Tirstrup,2023-03-24T22:28:38.837Z,2023-03-24T22:28:38.837Z,5,10.63691286,56.26479648,10.74020939,56.34187172,10.683859,56.29515212
74417,8175,Fuglslev,2023-03-24T22:28:38.837Z,2023-03-24T22:28:38.837Z,4,10.65333602,56.24951183,10.77250027,56.29593265,10.72832609,56.27386147
74618,8176,Feldballe,2023-03-24T22:28:38.837Z,2023-03-24T22:28:38.837Z,5,10.52673419,56.2444897,10.6837946,56.32210192,10.57502473,56.27869556
74056,8177,Nødager,2023-03-24T22:28:38.837Z,2023-03-24T22:28:38.837Z,5,10.55910259,56.28098207,10.69932132,56.37459821,10.62954477,56.32837623
77770,8181,Sankt Mortens,2023-03-24T22:28:38.837Z,2023-03-24T22:28:38.837Z,6,10.01771102,56.45030273,10.08145213,56.47191394,10.06385321,56.45670323
77772,8182,Sankt Peders,2023-03-24T22:28:38.837Z,2023-03-24T22:28:38.837Z,4,10.02197195,56.46289185,10.05549515,56.47954668,10.03901843,56.46914219
77769,8183,Sankt Clemens,2023-03-24T22:28:38.837Z,2023-03-24T22:28:38.837Z,4,9.99323396,56.45720313,10.03123782,56.5095626,10.0096208,56.46789277
77759,8184,Dronningborg,2023-03-24T22:28:38.837Z,2023-03-24T22:28:38.837Z,4,10.04889265,56.46258842,10.09618342,56.49625248,10.07033411,56.47427451
42910,8185,Glenstrup,2024-01-23T22:04:07.687Z,2024-01-23T22:04:07.687Z,6,9.75065605,56.5500514,9.88934242,56.61208564,9.8375488,56.57494329
49999,8186,Skjellerup,2023-03-24T22:28:38.837Z,2023-03-24T22:28:38.837Z,5,9.82083122,56.59274635,9.89799182,56.64605554,9.86615072,56.61557791
77206,8187,Tvede,2024-01-23T22:04:07.687Z,2024-01-23T22:04:07.687Z,6,10.13993331,56.53223283,10.22307958,56.56461639,10.17408573,56.54736296
78253,8188,Linde,2023-03-24T22:28:38.837Z,2023-03-24T22:28:38.837Z,8,10.06383786,56.49693893,10.15795879,56.54501019,10.11216621,56.53046322
78820,8189,Udbyneder,2023-03-24T22:28:38.837Z,2023-03-24T22:28:38.837Z,3,10.17782836,56.63299684,10.36495871,56.71486294,10.2588289,56.67028416
79009,8190,Kastbjerg,2024-01-23T22:04:07.687Z,2024-01-23T22:04:07.687Z,5,10.11807083,56.61687983,10.20040481,56.67924279,10.1537655,56.63432061
78807,8191,Dalbyneder,2023-03-24T22:28:38.837Z,2023-03-24T22:28:38.837Z,3,10.20962599,56.61789267,10.29912595,56.64638404,10.23373175,56.63575936
77192,8192,Dalbyover,2023-03-24T22:28:38.837Z,2023-03-24T22:28:38.837Z,3,10.13563308,56.598283,10.21170647,56.63649794,10.19257193,56.62553787
77198,8193,Råby,2024-01-23T22:04:07.687Z,2024-01-23T22:04:07.687Z,5,10.19510881,56.58820719,10.28587491,56.63011255,10.24336806,56.61086143
78808,8194,Sødring,2023-03-24T22:28:38.837Z,2023-03-24T22:28:38.837Z,4,10.26826459,56.59964308,10.36084452,56.6619941,10.32907733,56.64253126
77209,8195,Øster Tørslev,2024-01-23T22:04:07.687Z,2024-01-23T22:04:07.687Z,5,10.15054539,56.55412512,10.2733883,56.60932187,10.19747283,56.57748154
78176,8196,Gjerlev,2024-01-23T22:04:07.687Z,2024-01-23T22:04:07.687Z,5,10.07794879,56.57288193,10.17086395,56.61917475,10.11767481,56.58769754
78172,8197,Enslev,2024-01-23T22:04:07.687Z,2024-01-23T22:04:07.687Z,6,10.08697539,56.6017485,10.14035619,56.63722325,10.1186552,56.61332218
49995,8198,Hobro,2025-01-28T22:02:44.467Z,2025-01-28T22:02:44.467Z,5,9.77106129,56.60958431,9.84261128,56.66327486,9.81551946,56.62486898
79022,8199,Mariager,2023-06-23T21:06:37.280Z,2023-06-23T21:06:37.280Z,6,9.88704913,56.59691517,10.07301321,56.68434367,9.92389702,56.62854043
78254,8202,Hem,2024-02-05T22:01:25.064Z,2024-02-05T22:01:25.064Z,5,9.99295575,56.59707525,10.0840144,56.65078605,10.04399877,56.62149826
79023,8203,Sem,2024-01-23T22:04:07.687Z,2024-01-23T22:04:07.687Z,6,10.06256133,56.6161094,10.13548992,56.66218362,10.09259304,56.64391874
42912,8204,Sønder Onsild,2024-01-23T22:04:07.687Z,2024-01-23T22:04:07.687Z,5,9.71250311,56.55599091,9.80117904,56.60114367,9.75676353,56.58424577
42911,8205,Nørre Onsild,2023-03-24T22:28:38.837Z,2023-03-24T22:28:38.837Z,3,9.71790352,56.59548793,9.80443061,56.62710569,9.77320995,56.61242544
43940,8206,Hvornum,2024-01-23T22:04:07.687Z,2024-01-23T22:04:07.687Z,6,9.63571468,56.57940192,9.7324114,56.64535508,9.69568472,56.60460169
50601,8207,Snæbum,2023-03-24T22:28:38.837Z,2023-03-24T22:28:38.837Z,6,9.62002178,56.62816687,9.71302241,56.66132905,9.65536195,56.64422132
77758,8208,Borup,2024-01-23T22:04:07.687Z,2024-01-23T22:04:07.687Z,6,9.95251669,56.47705894,10.03870431,56.53425919,10.00526937,56.51972887
77760,8209,Gimming,2023-03-24T22:28:38.837Z,2023-03-24T22:28:38.837Z,4,10.07115402,56.4578026,10.1327666,56.51274183,10.10044519,56.49092273
77763,8210,Lem,2024-01-23T22:04:07.687Z,2024-01-23T22:04:07.687Z,5,10.0306363,56.4925582,10.09133945,56.52013574,10.05813385,56.50676137
77756,8211,Harridslev,2023-03-24T22:28:38.837Z,2023-03-24T22:28:38.837Z,10,10.05505119,56.48527228,10.17597528,56.53996955,10.12851005,56.50083891
77464,8212,Albæk,2023-03-24T22:28:38.837Z,2023-03-24T22:28:38.837Z,4,10.11511859,56.45684447,10.21979458,56.49829437,10.1655968,56.48224798
77762,8213,Kristrup,2023-03-24T22:28:38.837Z,2023-03-24T22:28:38.837Z,8,10.03963623,56.40546728,10.13311458,56.46621972,10.08162538,56.43834583
77743,8214,Virring,2024-01-23T22:04:07.687Z,2024-01-23T22:04:07.687Z,8,10.17547903,56.40160923,10.30161623,56.4773034,10.23015546,56.45126226
77741,8215,Essenbæk,2024-05-28T21:01:26.357Z,2024-05-28T21:01:26.357Z,7,10.1092653,56.42031116,10.20509419,56.47089834,10.15886903,56.44366111
75737,8216,Hørning,2024-01-23T22:04:07.687Z,2024-01-23T22:04:07.687Z,8,10.15515411,56.38853034,10.30641496,56.43212366,10.19452697,56.41270318
77742,8217,Fausing,2024-01-23T22:04:07.687Z,2024-01-23T22:04:07.687Z,8,10.26280177,56.41643189,10.35776055,56.47015282,10.302623,56.4434823
77740,8218,Auning,2025-05-01T21:02:51.099Z,2025-05-01T21:02:51.099Z,9,10.33755176,56.40091977,10.42979837,56.45765449,10.38930429,56.42896937
75199,8219,Marie Magdalene-Pindstrup,2025-05-09T21:07:43.760Z,2025-05-09T21:07:43.760Z,5,10.3839008,56.36917602,10.53685151,56.42786114,10.45958492,56.40101309
75114,8220,Koed,2023-03-24T22:28:38.837Z,2023-03-24T22:28:38.837Z,5,10.46601427,56.36325017,10.6271111,56.4311786,10.56962447,56.3837673
75758,8221,Øster Alling,2023-03-24T22:28:38.837Z,2023-03-24T22:28:38.837Z,4,10.3044462,56.38941753,10.39226364,56.42239588,10.3264769,56.40609495
75747,8222,Vester Alling,2024-01-23T22:04:07.687Z,2024-01-23T22:04:07.687Z,4,10.26085658,56.38576242,10.31755287,56.4234394,10.2871273,56.40222869
75532,8223,Hvilsager,2023-03-24T22:28:38.837Z,2023-03-24T22:28:38.837Z,4,10.29389204,56.34242841,10.43081898,56.39861088,10.34919545,56.37079427
75632,8224,Lime,2024-01-23T22:04:07.687Z,2024-01-23T22:04:07.687Z,4,10.22272775,56.37003502,10.2955857,56.40758052,10.25614562,56.3875078
75638,8225,Mygind,2024-01-23T22:04:07.687Z,2024-01-23T22:04:07.687Z,4,10.19499071,56.37627322,10.23607638,56.40263572,10.22154083,56.38844495
75569,8226,Krogsbæk,2023-03-24T22:28:38.837Z,2023-03-24T22:28:38.837Z,3,10.22640912,56.32606802,10.333935,56.37339469,10.29314517,56.34842733
75681,8227,Skørring,2023-03-24T22:28:38.837Z,2023-03-24T22:28:38.837Z,4,10.24874232,56.35970525,10.31165453,56.38656641,10.27399612,56.36921703
75690,8228,Søby,2023-03-24T22:28:38.837Z,2023-03-24T22:28:38.837Z,3,10.22740023,56.31470456,10.27609447,56.36378656,10.24528234,56.34430912
75668,8229,Skader,2023-03-24T22:28:38.837Z,2023-03-24T22:28:38.837Z,7,10.18214354,56.32273416,10.24887084,56.36613078,10.21389029,56.35065271
75525,8230,Halling,2023-03-24T22:28:38.837Z,2023-03-24T22:28:38.837Z,4,10.16003008,56.32404378,10.22384715,56.35208923,10.18645642,56.33696021
99378,8231,Grenaa,2024-05-27T21:01:23.728Z,2024-05-27T21:01:23.728Z,5,10.82679739,56.37757156,10.93974808,56.44923092,10.89342067,56.41421208
99511,8232,Hammelev,2023-03-24T22:28:38.837Z,2023-03-24T22:28:38.837Z,3,10.8800874,56.42470938,10.96006296,56.46259476,10.93541862,56.44664969
74010,8233,Enslev,2023-03-24T22:28:38.837Z,2023-03-24T22:28:38.837Z,3,10.77667549,56.39391139,10.85316151,56.4431226,10.81304406,56.42343441
99512,8234,Karlby,2023-03-24T22:28:38.837Z,2023-03-24T22:28:38.837Z,3,10.85262209,56.46811292,10.89788022,56.49234736,10.87393588,56.47782172
99626,8235,Voldby,2023-03-24T22:28:38.837Z,2023-03-24T22:28:38.837Z,4,10.82901856,56.43481797,10.93845202,56.48260539,10.86400029,56.45862531
73566,8236,Veggerslev,2023-03-24T22:28:38.837Z,2023-03-24T22:28:38.837Z,3,10.80321614,56.45412346,10.85847504,56.48309506,10.82918051,56.46785507
73567,8237,Villersø,2023-03-24T22:28:38.837Z,2023-03-24T22:28:38.837Z,4,10.79986711,56.43532758,10.84091658,56.46257038,10.81785633,56.44585747
73562,8238,Gjerrild,2023-03-24T22:28:38.837Z,2023-03-24T22:28:38.837Z,3,10.74995594,56.47729658,10.87482166,56.53783748,10.83059052,56.50413729
73563,8239,Hemmed,2023-03-24T22:28:38.837Z,2023-03-24T22:28:38.837Z,3,10.6951468,56.49046595,10.79607925,56.53925807,10.72624243,56.51667596
73565,8240,Rimsø,2023-03-24T22:28:38.837Z,2023-03-24T22:28:38.837Z,4,10.74857854,56.46012133,10.83335936,56.51111909,10.78991951,56.47746501
73564,8241,Kastbjerg,2023-03-24T22:28:38.837Z,2023-03-24T22:28:38.837Z,4,10.71564165,56.43813549,10.80459297,56.47781126,10.73702049,56.46189766
75065,8242,Thorsager,2023-03-24T22:28:38.837Z,2023-03-24T22:28:38.837Z,5,10.416727,56.29760196,10.55440451,56.38289294,10.46681798,56.33043634
74617,8243,Bregnet,2023-03-24T22:28:38.837Z,2023-03-24T22:28:38.837Z,8,10.36185899,56.2714571,10.55959904,56.32194171,10.48563631,56.29630482
75653,8244,Mørke,2023-03-24T22:28:38.837Z,2023-03-24T22:28:38.837Z,3,10.34082793,56.30659506,10.43301162,56.36142016,10.3871515,56.33490198
75857,8245,Hornslet,2024-01-23T22:04:07.687Z,2024-01-23T22:04:07.687Z,5,10.25923195,56.27858196,10.39842481,56.34831165,10.32680917,56.31431527
76111,8246,Skødstrup,2024-01-23T22:04:07.687Z,2024-01-23T22:04:07.687Z,5,10.27751157,56.23745564,10.38981528,56.29775415,10.3217987,56.27220794
76115,8247,Todbjerg,2023-03-24T22:28:38.837Z,2023-03-24T22:28:38.837Z,4,10.17826308,56.23991607,10.27633092,56.31889123,10.22471598,56.2787065
76061,8248,Mejlby,2023-03-24T22:28:38.837Z,2023-03-24T22:28:38.837Z,3,10.16588793,56.28942847,10.2413734,56.33097093,10.21387742,56.30916274
76053,8249,Hjortshøj,2023-03-24T22:28:38.837Z,2023-03-24T22:28:38.837Z,4,10.2417321,56.23425989,10.29767147,56.28473846,10.27552295,56.25289849
71193,8250,Egå,2025-05-27T21:03:24.749Z,2025-05-27T21:03:24.749Z,5,10.23962215,56.20202356,10.29559501,56.24085044,10.27172431,56.21299237
69137,8253,Tved,2024-10-22T21:04:04.354Z,2024-10-22T21:04:04.354Z,4,10.34512766,56.16094879,10.48165269,56.22199865,10.40849548,56.18778163
74610,8254,Agri,2023-03-24T22:28:38.837Z,2023-03-24T22:28:38.837Z,4,10.5021374,56.21188022,10.60308743,56.26644606,10.54441249,56.23991941
74614,8255,Egens,2023-03-24T22:28:38.837Z,2023-03-24T22:28:38.837Z,3,10.50106454,56.25446198,10.53692773,56.279596,10.5203963,56.26509493
69136,8256,Knebel,2023-03-24T22:28:38.837Z,2023-03-24T22:28:38.837Z,5,10.4623096,56.19469823,10.52429147,56.23012839,10.49513974,56.21799706
74615,8257,Rolsø,2023-03-24T22:28:38.837Z,2023-03-24T22:28:38.837Z,4,10.44673057,56.22317858,10.52110183,56.26286122,10.48779807,56.23770297
69138,8258,Vistoft,2024-10-22T21:04:04.354Z,2024-10-22T21:04:04.354Z,5,10.46840353,56.16290325,10.58129988,56.22434418,10.50450939,56.18503806
69129,8259,Helgenæs,2018-04-30T15:23:13.528Z,2015-06-18T19:50:06.959Z,2,10.4793671,56.09406227,10.56052053,56.16503406,10.52610978,56.12347434
77212,8260,Holbæk,2024-05-28T21:01:26.357Z,2024-05-28T21:01:26.357Z,5,10.22868237,56.5253633,10.3589094,56.58063479,10.28452454,56.55128265
77281,8261,Udby,2024-05-28T21:01:26.357Z,2024-05-28T21:01:26.357Z,4,10.26975218,56.56141015,10.34722561,56.60764521,10.32118299,56.58479668
77475,8262,Voer,2023-03-24T22:28:38.837Z,2023-03-24T22:28:38.837Z,3,10.22839384,56.49863011,10.31214713,56.5363852,10.25473595,56.52144452
77210,8263,Estruplund,2023-03-24T22:28:38.837Z,2023-03-24T22:28:38.837Z,3,10.31680768,56.52127345,10.40758791,56.57780531,10.35494773,56.54023844
77476,8264,Ørsted,2023-03-24T22:28:38.837Z,2023-03-24T22:28:38.837Z,4,10.21756246,56.466512,10.42825726,56.54566363,10.33499207,56.50258436
73912,8265,Vivild,2023-03-24T22:28:38.837Z,2023-03-24T22:28:38.837Z,3,10.40010077,56.44776598,10.53093774,56.52551484,10.44625838,56.49300829
77474,8266,Vejlby,2023-03-24T22:28:38.837Z,2023-03-24T22:28:38.837Z,3,10.30958048,56.44890714,10.40668509,56.48996061,10.35493595,56.46687338
73580,8267,Gjesing,2025-05-01T21:02:51.099Z,2025-05-01T21:02:51.099Z,6,10.39152803,56.42033817,10.58575681,56.4902377,10.45085114,56.44168111
73911,8268,Nørager,2023-03-24T22:28:38.837Z,2023-03-24T22:28:38.837Z,4,10.46633376,56.45137096,10.58935623,56.51943379,10.52369256,56.48239676
50841,8269,Aars,2023-05-01T21:02:49.242Z,2023-05-01T21:02:49.242Z,5,9.45152917,56.77542661,9.5905635,56.83987131,9.51620681,56.81201882
51150,8270,Havbro,2023-03-24T22:28:38.837Z,2023-03-24T22:28:38.837Z,4,9.36835368,56.77638468,9.45986934,56.8210647,9.42731948,56.80158661
52694,8271,Vester Hornum,2023-03-24T22:28:38.837Z,2023-03-24T22:28:38.837Z,3,9.32369277,56.81893102,9.40632621,56.85985513,9.36623442,56.83718111
52610,8272,Flejsborg,2023-03-24T22:28:38.837Z,2023-03-24T22:28:38.837Z,3,9.30613477,56.84205961,9.4368286,56.89813864,9.3639051,56.86734048
52544,8273,Ulstrup,2023-03-24T22:28:38.837Z,2023-03-24T22:28:38.837Z,3,9.38423638,56.80651622,9.48338861,56.8810801,9.42853487,56.85193867
49300,8274,Gundersted,2023-03-24T22:28:38.837Z,2023-03-24T22:28:38.837Z,3,9.41829336,56.86045907,9.52152613,56.93315023,9.46863273,56.89905157
49299,8275,Blære,2023-03-24T22:28:38.837Z,2023-03-24T22:28:38.837Z,3,9.46281629,56.83579707,9.56779093,56.88909635,9.51780747,56.85949738
49303,8276,Ejdrup,2023-03-24T22:28:38.837Z,2023-03-24T22:28:38.837Z,4,9.5039534,56.87754784,9.58039594,56.94447374,9.53896085,56.90390892
49301,8277,Skivum,2023-03-24T22:28:38.837Z,2023-03-24T22:28:38.837Z,5,9.55174788,56.83455433,9.66055342,56.89535779,9.59184521,56.85836578
51023,8278,Giver,2023-03-24T22:28:38.837Z,2023-03-24T22:28:38.837Z,6,9.54788012,56.7949853,9.6389887,56.84132934,9.58628297,56.82457213
51124,8279,Brorstrup,2023-03-24T22:28:38.837Z,2023-03-24T22:28:38.837Z,5,9.60238771,56.73940464,9.69771821,56.80175876,9.6635378,56.75572314
49615,8280,Ravnkilde,2023-03-24T22:28:38.837Z,2023-03-24T22:28:38.837Z,3,9.69071015,56.71735457,9.81336681,56.79252716,9.73600839,56.7541451
52197,8281,Strandby,2023-03-24T22:28:38.837Z,2023-03-24T22:28:38.837Z,4,9.16824708,56.75541493,9.2929158,56.83847619,9.22344945,56.80451701
51152,8282,Farsø,2023-03-24T22:28:38.837Z,2023-03-24T22:28:38.837Z,5,9.25273823,56.74504231,9.40972295,56.82393787,9.32246735,56.78554785
51764,8283,Ullits,2023-03-24T22:28:38.837Z,2023-03-24T22:28:38.837Z,4,9.27484449,56.69378318,9.34229315,56.74447219,9.30587595,56.71780087
51156,8284,Fovlum,2023-03-24T22:28:38.837Z,2023-03-24T22:28:38.837Z,6,9.23029776,56.72174341,9.31764099,56.75939375,9.26647372,56.73691131
51768,8285,Lovns,2023-03-24T22:28:38.837Z,2023-03-24T22:28:38.837Z,5,9.15985902,56.66499783,9.23557185,56.709284,9.20420487,56.69002629
51763,8286,Alstrup,2023-03-24T22:28:38.837Z,2023-03-24T22:28:38.837Z,5,9.20694965,56.68834743,9.32172418,56.72564458,9.25450457,56.70873479
50982,8287,Gislum,2023-05-01T21:02:49.242Z,2023-05-01T21:02:49.242Z,5,9.47220727,56.73839994,9.55018674,56.79175955,9.51847394,56.76881776
51151,8288,Vognsild,2023-03-24T22:28:38.837Z,2023-03-24T22:28:38.837Z,4,9.34861049,56.73230496,9.49849259,56.78812065,9.4377317,56.75944308
51125,8289,Kongens Tisted,2023-08-21T21:01:57.382Z,2023-08-21T21:01:57.382Z,5,9.56461921,56.72962266,9.66109328,56.77925473,9.60061948,56.75355281
51122,8290,Binderup,2023-08-21T21:01:57.382Z,2023-08-21T21:01:57.382Z,6,9.5182634,56.73606564,9.62073623,56.80329984,9.59454182,56.78919563
50771,8291,Durup,2023-03-24T22:28:38.837Z,2023-03-24T22:28:38.837Z,3,9.54463183,56.69498422,9.65966185,56.74080673,9.61359624,56.71948272
50001,8292,Rørbæk,2023-03-24T22:28:38.837Z,2023-03-24T22:28:38.837Z,8,9.68841773,56.66259974,9.74998677,56.72542712,9.71569361,56.71089583
50773,8293,Grynderup,2025-01-29T22:02:32.326Z,2025-01-29T22:02:32.326Z,5,9.65199303,56.68858024,9.70895897,56.74437353,9.68120422,56.72844085
80610,8294,Skibsted,2023-03-24T22:28:38.837Z,2023-03-24T22:28:38.837Z,3,10.03642611,56.83957697,10.13782792,56.89108738,10.06703178,56.87289143
80614,8295,Lyngby,2023-03-24T22:28:38.837Z,2023-03-24T22:28:38.837Z,4,10.02960644,56.82398334,10.08384114,56.86704154,10.0509877,56.84910399
80611,8296,Store Brøndum,2023-03-24T22:28:38.837Z,2023-03-24T22:28:38.837Z,3,9.9648555,56.79379833,10.0430028,56.86989832,10.00495666,56.8459957
79905,8297,Siem,2023-03-24T22:28:38.837Z,2023-03-24T22:28:38.837Z,3,9.98405589,56.79071299,10.02348232,56.83218829,10.00232422,56.82293871
79907,8298,Torup,2023-03-24T22:28:38.837Z,2023-03-24T22:28:38.837Z,3,9.90492891,56.79013344,9.99822072,56.84101119,9.95749819,56.81462217
80609,8299,Gerding,2023-03-24T22:28:38.837Z,2023-03-24T22:28:38.837Z,4,9.92069705,56.87734833,9.98174628,56.90661394,9.95525568,56.89164079
80464,8300,Blenstrup,2023-03-24T22:28:38.837Z,2023-03-24T22:28:38.837Z,5,9.96661431,56.85434806,10.06235958,56.91188864,10.01600638,56.88533603
48553,8301,Skørping,2023-03-24T22:28:38.837Z,2023-03-24T22:28:38.837Z,4,9.81409081,56.79931118,9.93910466,56.8955834,9.85628146,56.82645474
80602,8302,Fræer,2023-03-24T22:28:38.837Z,2023-03-24T22:28:38.837Z,3,9.88317262,56.79620953,9.97390662,56.88476216,9.93872986,56.85620104
78578,8303,Als,2023-03-24T22:28:38.837Z,2023-03-24T22:28:38.837Z,4,10.21906369,56.70269686,10.33703434,56.78458323,10.27701655,56.73227023
78579,8304,Skelund,2023-03-24T22:28:38.837Z,2023-03-24T22:28:38.837Z,3,10.11925831,56.73805476,10.23388643,56.79833995,10.18996162,56.77358154
79903,8305,Visborg,2023-03-24T22:28:38.837Z,2023-03-24T22:28:38.837Z,5,10.0362904,56.70184594,10.24624513,56.7661111,10.16113164,56.737296
79643,8308,Rostrup,2024-09-24T21:01:59.353Z,2024-09-24T21:01:59.353Z,6,9.86192075,56.69821716,10.04500477,56.75578795,9.898847,56.72633248
79025,8309,Oue,2023-03-24T22:28:38.837Z,2023-03-24T22:28:38.837Z,6,9.88878245,56.65286901,10.02010028,56.71875106,9.94963756,56.69016855
49992,8310,Valsgård,2025-01-28T22:02:44.467Z,2025-01-28T22:02:44.467Z,7,9.80455274,56.64517149,9.93577593,56.70688403,9.85358783,56.67200498
79482,8311,Astrup,2024-09-24T21:01:59.353Z,2024-09-24T21:01:59.353Z,5,9.89250483,56.74144568,10.05858486,56.80397983,9.95072221,56.77478864
49611,8313,Rold,2023-03-24T22:28:38.837Z,2023-03-24T22:28:38.837Z,3,9.77193317,56.7519232,9.85431808,56.81637365,9.81537052,56.78758283
49993,8314,Vebbestrup,2023-03-24T22:28:38.837Z,2023-03-24T22:28:38.837Z,5,9.74625695,56.68257215,9.87967226,56.75855344,9.83401293,56.71636924
50000,8315,Øls,2023-03-24T22:28:38.837Z,2023-03-24T22:28:38.837Z,4,9.70358942,56.61281093,9.77862061,56.64744984,9.72895219,56.626972
49996,8316,Hørby,2025-01-28T22:02:44.467Z,2025-01-28T22:02:44.467Z,7,9.71013521,56.63528083,9.81056843,56.68418595,9.74266498,56.65233756
49994,8317,Døstrup,2023-03-24T22:28:38.837Z,2023-03-24T22:28:38.837Z,9,9.71670625,56.66564474,9.80168835,56.7198599,9.75590744,56.69007491
80664,8318,Gunderup,2023-03-24T22:28:38.837Z,2023-03-24T22:28:38.837Z,4,9.93660433,56.89977058,10.09326968,56.99909319,10.01369244,56.93539884
80711,8319,Nøvling,2023-03-24T22:28:38.837Z,2023-03-24T22:28:38.837Z,4,9.90548988,56.94505737,9.99614881,57.01075339,9.96342094,56.96624024
80650,8323,Lillevorde,2023-03-24T22:28:38.837Z,2023-03-24T22:28:38.837Z,3,10.02447557,56.95757233,10.15414523,56.99498707,10.05283096,56.9820446
80036,8324,Mou,2023-03-24T22:28:38.837Z,2023-03-24T22:28:38.837Z,4,10.13868358,56.81007571,10.30829309,56.98800109,10.21016587,56.9427016
80106,8325,Storvorde,2023-03-24T22:28:38.837Z,2023-03-24T22:28:38.837Z,7,10.0663816,56.96213781,10.19277721,57.03526182,10.10151788,57.00774908
80658,8326,Sejlflod,2023-03-24T22:28:38.837Z,2023-03-24T22:28:38.837Z,7,10.08177859,56.97058902,10.16409449,57.01346477,10.12753693,56.985013
49588,8327,Nibe,2023-03-24T22:28:38.837Z,2023-03-24T22:28:38.837Z,4,9.60775172,56.97369735,9.66396271,57.02548216,9.64561447,56.98253433
48333,8328,Vokslev,2025-01-01T22:02:15.652Z,2025-01-01T22:02:15.652Z,6,9.61876709,56.92078157,9.72988165,57.01159137,9.68044897,56.94178852
48357,8329,Sønderholm,2023-03-24T22:28:38.837Z,2023-03-24T22:28:38.837Z,5,9.66963065,56.96306713,9.83663503,57.04696859,9.75084964,56.99977919
48347,8330,Frejlev,2023-03-24T22:28:38.837Z,2023-03-24T22:28:38.837Z,4,9.78947273,56.99193149,9.87159613,57.02355861,9.83577608,57.00712446
54144,8331,Nørholm,2023-03-24T22:28:38.837Z,2023-03-24T22:28:38.837Z,4,9.66992274,57.01289171,9.81791028,57.05316338,9.70232114,57.02714187
48337,8332,Ellidshøj,2023-03-24T22:28:38.837Z,2023-03-24T22:28:38.837Z,5,9.82292597,56.8924717,9.8921985,56.95624202,9.85740109,56.92221772
48356,8333,Svenstrup,2025-01-08T22:02:35.115Z,2025-01-08T22:02:35.115Z,7,9.81539022,56.94412591,9.88081021,57.00148292,9.84710685,56.97635731
48320,8334,Øster Hornum,2025-01-01T22:02:15.652Z,2025-01-01T22:02:15.652Z,5,9.70847655,56.89417655,9.83782372,56.97154824,9.77044886,56.93024879
48546,8335,Støvring,2023-03-24T22:28:38.837Z,2023-03-24T22:28:38.837Z,3,9.78679264,56.85097248,9.87591057,56.92317899,9.8443716,56.88583616
48548,8336,Gravlev,2023-03-24T22:28:38.837Z,2023-03-24T22:28:38.837Z,5,9.75271059,56.80628978,9.84659191,56.87663013,9.80376555,56.85072182
49610,8337,Aarestrup,2023-03-24T22:28:38.837Z,2023-03-24T22:28:38.837Z,4,9.68556286,56.78806027,9.80218435,56.84489104,9.74636177,56.81539065
49613,8338,Haverslev,2023-03-24T22:28:38.837Z,2023-03-24T22:28:38.837Z,3,9.64260275,56.7649759,9.70581102,56.80317699,9.67579747,56.78383884
51027,8339,Sønderup,2023-03-24T22:28:38.837Z,2023-03-24T22:28:38.837Z,5,9.61222874,56.79382813,9.712836,56.85294845,9.65537022,56.82062549
48550,8340,Suldrup,2023-03-24T22:28:38.837Z,2023-03-24T22:28:38.837Z,8,9.63494342,56.83820389,9.78109696,56.88334048,9.73283683,56.85668418
49302,8341,Veggerby,2023-03-24T22:28:38.837Z,2023-03-24T22:28:38.837Z,5,9.57435871,56.8610818,9.75120255,56.92672696,9.68092593,56.90023216
49585,8342,Bislev,2023-03-24T22:28:38.837Z,2023-03-24T22:28:38.837Z,4,9.56308357,56.88866002,9.65121067,56.96986244,9.60569757,56.93103937
80360,8343,Sønder Kongerslev,2023-03-24T22:28:38.837Z,2023-03-24T22:28:38.837Z,4,10.08439181,56.86906408,10.17114756,56.89601828,10.145557,56.88192615
80332,8344,Nørre Kongerslev,2023-03-24T22:28:38.837Z,2023-03-24T22:28:38.837Z,5,10.10030571,56.89133254,10.17352067,56.94349795,10.13419734,56.90802129
80615,8345,Komdrup,2023-03-24T22:28:38.837Z,2023-03-24T22:28:38.837Z,7,10.05650904,56.88313349,10.1067925,56.92865402,10.08143541,56.90724235
80505,8346,Bælum,2023-03-24T22:28:38.837Z,2023-03-24T22:28:38.837Z,3,10.06883544,56.80913725,10.18793953,56.8715725,10.12746554,56.83512633
79906,8347,Solbjerg,2023-03-24T22:28:38.837Z,2023-03-24T22:28:38.837Z,3,10.04470601,56.75383533,10.22891559,56.81940268,10.1280205,56.79651182
52535,8348,Løgstør,2026-04-01T21:01:43.855Z,2026-04-01T21:01:43.855Z,11,9.23265295,56.95401195,9.27878868,56.97293188,9.25680296,56.96385328
52529,8349,Løgsted,2026-03-11T22:09:49.207Z,2026-03-11T22:09:49.207Z,6,9.22305764,56.92763145,9.30824422,56.96717254,9.25239245,56.94249238
52889,8350,Ranum,2023-03-24T22:28:38.837Z,2023-03-24T22:28:38.837Z,5,9.0682926,56.85997449,9.26404669,56.92971742,9.22331199,56.88976183
52699,8351,Malle,2023-03-24T22:28:38.837Z,2023-03-24T22:28:38.837Z,4,9.1965353,56.88735452,9.26776196,56.95014247,9.22493476,56.91617865
52724,8352,Overlade,2023-03-24T22:28:38.837Z,2023-03-24T22:28:38.837Z,4,9.20171625,56.82914024,9.34873398,56.89663274,9.25675822,56.85717864
52616,8353,Hyllebjerg,2023-03-24T22:28:38.837Z,2023-03-24T22:28:38.837Z,3,9.26027273,56.81073996,9.33798138,56.845141,9.30229538,56.82941318
52890,8354,Vilsted,2023-03-24T22:28:38.837Z,2023-03-24T22:28:38.837Z,3,9.24550727,56.87602719,9.38015212,56.93414405,9.27860696,56.91089414
52891,8355,Vindblæs,2023-03-24T22:28:38.837Z,2023-03-24T22:28:38.837Z,3,9.28748946,56.90298795,9.36404064,56.94933025,9.32614711,56.92257466
49590,8356,Sebber,2023-03-24T22:28:38.837Z,2023-03-24T22:28:38.837Z,5,9.48464905,56.95500909,9.6120728,57.0071285,9.54677672,56.97721998
49591,8357,Store Ajstrup,2023-03-24T22:28:38.837Z,2023-03-24T22:28:38.837Z,5,9.47580904,56.9277958,9.54870558,56.96742022,9.50269161,56.94546741
52539,8358,Næsborg,2026-03-13T22:03:41.642Z,2026-03-13T22:03:41.642Z,5,9.28321905,56.96521279,9.40087823,57.01244584,9.33195924,56.98432866
52522,8359,Kornum,2026-03-13T22:03:41.642Z,2026-03-13T22:03:41.642Z,5,9.27699111,56.94769832,9.33476714,56.98240281,9.31643434,56.95913515
52537,8360,Skarp Salling,2023-03-24T22:28:38.837Z,2023-03-24T22:28:38.837Z,3,9.32896809,56.93576598,9.40935782,56.98706038,9.37773743,56.96052425
52536,8361,Oudrup,2023-03-24T22:28:38.837Z,2023-03-24T22:28:38.837Z,3,9.34916746,56.88535681,9.43888756,56.9478562,9.3956349,56.91687988
49586,8362,Farstrup,2023-03-24T22:28:38.837Z,2023-03-24T22:28:38.837Z,5,9.39048018,56.95594002,9.57265292,57.01872688,9.46195936,56.99088478
52538,8363,Lundby,2023-03-24T22:28:38.837Z,2023-03-24T22:28:38.837Z,3,9.40202372,56.91765781,9.48031034,56.96928861,9.44617642,56.94513219
82908,8364,Budolfi,2023-03-24T22:28:38.837Z,2023-03-24T22:28:38.837Z,5,9.89741031,57.0422867,9.92453282,57.05441473,9.91810076,57.04998937
82892,8365,Ansgars,2023-03-24T22:28:38.837Z,2023-03-24T22:28:38.837Z,11,9.88949657,57.0224131,9.92503013,57.04703647,9.90847992,57.03656841
54123,8366,Vor Frelsers,2023-03-24T22:28:38.837Z,2023-03-24T22:28:38.837Z,5,9.8987225,57.04886766,9.91510926,57.05826479,9.90686828,57.05327405
54118,8367,Vesterkær,2023-03-24T22:28:38.837Z,2023-03-24T22:28:38.837Z,5,9.81265265,57.04548588,9.90336273,57.08495388,9.84349352,57.06430267
82987,8368,Vor Frue,2024-05-27T21:01:23.728Z,2024-05-27T21:01:23.728Z,13,9.91875219,57.0224347,9.93596677,57.05068088,9.92807208,57.04586227
82988,8369,Sankt Markus,2024-05-27T21:01:23.728Z,2024-05-27T21:01:23.728Z,12,9.93346409,57.03672988,9.97243557,57.06184897,9.94115499,57.04399921
80827,8370,Sønder Tranders,2023-03-24T22:28:38.837Z,2023-03-24T22:28:38.837Z,4,9.90865212,56.99482558,10.02308575,57.02455956,9.96935453,57.01070341
80710,8371,Nørre Tranders,2023-03-24T22:28:38.837Z,2023-03-24T22:28:38.837Z,5,9.96394125,57.01318899,10.07184144,57.07438449,10.01206022,57.04037995
80720,8372,Vejgård,2024-05-27T21:01:23.728Z,2024-05-27T21:01:23.728Z,8,9.93671863,57.02313978,9.97388694,57.05428836,9.9593578,57.03849932
80682,8373,Hans Egedes,2024-05-27T21:01:23.728Z,2024-05-27T21:01:23.728Z,8,9.9266902,57.01406344,9.96222282,57.03787739,9.94043412,57.02601771
54117,8374,Hasseris,2023-07-06T21:01:47.079Z,2023-07-06T21:01:47.079Z,9,9.83378522,57.02077084,9.90384979,57.05355565,9.86764048,57.03703004
82938,8375,Nørresundby,2023-03-24T22:28:38.837Z,2023-03-24T22:28:38.837Z,5,9.90854634,57.05346347,9.9515172,57.06754854,9.92344799,57.0608086
82924,8376,Hvorup,2023-03-24T22:28:38.837Z,2023-03-24T22:28:38.837Z,5,9.90332491,57.05709153,10.00452973,57.11852186,9.93836755,57.09934428
35365,8377,Lindholm,2023-03-24T22:28:38.837Z,2023-03-24T22:28:38.837Z,6,9.86103896,57.06118317,9.93252682,57.10001971,9.90188678,57.07679676
82972,8378,Vadum,2023-03-24T22:28:38.837Z,2023-03-24T22:28:38.837Z,6,9.74168276,57.06945396,9.93215743,57.14324947,9.85019187,57.11310457
54102,8379,Aaby,2023-03-24T22:28:38.837Z,2023-03-24T22:28:38.837Z,3,9.68709962,57.1206725,9.84879986,57.22968585,9.7534032,57.18027254
54101,8380,Biersted,2023-03-24T22:28:38.837Z,2023-03-24T22:28:38.837Z,3,9.75479478,57.12293055,9.92064317,57.21146973,9.84393614,57.16745073
55334,8381,Sulsted,2024-02-05T22:01:25.064Z,2024-02-05T22:01:25.064Z,5,9.8965339,57.10322481,10.02469209,57.17506117,9.96332776,57.14357162
83212,8382,Ajstrup,2023-03-24T22:28:38.837Z,2023-03-24T22:28:38.837Z,4,9.83563038,57.15725145,10.05258579,57.23097821,9.91680184,57.19479287
82923,8383,Horsens,2023-03-24T22:28:38.837Z,2023-03-24T22:28:38.837Z,6,10.04360882,57.08727851,10.16662196,57.15460997,10.11071948,57.11964612
83215,8384,Hammer,2023-03-24T22:28:38.837Z,2023-03-24T22:28:38.837Z,5,10.0025787,57.12086992,10.08059577,57.17439479,10.04272834,57.15363801
82880,8385,Vester Hassing,2024-05-28T21:01:26.357Z,2024-05-28T21:01:26.357Z,8,10.0406184,57.0302766,10.19664167,57.11754875,10.11760118,57.06914863
82554,8386,Ulsted,2023-03-24T22:28:38.837Z,2023-03-24T22:28:38.837Z,3,10.2170391,57.04384941,10.34096427,57.11073931,10.28249934,57.0748752
79985,8387,Hals,2023-03-24T22:28:38.837Z,2023-03-24T22:28:38.837Z,7,10.20051616,56.95157344,10.36940861,57.05087499,10.28334348,57.01900618
48343,8388,Ferslev,2023-03-24T22:28:38.837Z,2023-03-24T22:28:38.837Z,6,9.87167589,56.91877577,9.95504957,56.96599189,9.91775156,56.94267063
48335,8389,Dall,2023-03-24T22:28:38.837Z,2023-03-24T22:28:38.837Z,4,9.86627887,56.95315998,9.93527673,57.0096669,9.89960945,56.97547553
48552,8390,Volsted,2023-03-24T22:28:38.837Z,2023-03-24T22:28:38.837Z,3,9.86968888,56.88470659,9.95227716,56.92088034,9.90511485,56.90613072
54691,8391,Lerup,2023-03-24T22:28:38.837Z,2023-03-24T22:28:38.837Z,4,9.3667434,57.09182327,9.44574663,57.16487905,9.4043341,57.10811292
54502,8392,Tranum,2023-03-24T22:28:38.837Z,2023-03-24T22:28:38.837Z,5,9.40154312,57.11397732,9.52266226,57.18164166,9.44021418,57.15959505
54500,8393,Brovst,2023-03-24T22:28:38.837Z,2023-03-24T22:28:38.837Z,3,9.49568923,57.06929402,9.60326453,57.14923043,9.53310828,57.09228576
54503,8394,Øland,2023-03-24T22:28:38.837Z,2023-03-24T22:28:38.837Z,4,9.48688954,57.02789971,9.67444417,57.11028805,9.58102567,57.06849645
54501,8395,Torslev,2023-07-04T21:01:52.677Z,2023-07-04T21:01:52.677Z,5,9.41552203,57.03594144,9.53044421,57.09203143,9.47233198,57.06519064
54504,8396,Øster Svenstrup,2023-07-04T21:01:52.677Z,2023-07-04T21:01:52.677Z,4,9.42047915,57.08362119,9.50542373,57.11682456,9.47581732,57.10305258
55088,8397,Haverslev,2023-03-24T22:28:38.837Z,2023-03-24T22:28:38.837Z,5,9.35168539,57.0234322,9.43416085,57.08231531,9.39308949,57.04993779
55091,8398,Skræm,2023-03-24T22:28:38.837Z,2023-03-24T22:28:38.837Z,3,9.30950866,57.05199579,9.42894604,57.10522313,9.33681136,57.07593256
52229,8399,Aggersborg,2026-03-25T22:26:27.701Z,2026-03-25T22:26:27.701Z,7,9.17056312,56.98198068,9.30124656,57.03074778,9.25076636,57.0084871
55086,8400,Bejstrup,2023-03-24T22:28:38.837Z,2023-03-24T22:28:38.837Z,5,9.27328206,57.00727774,9.36115565,57.05570428,9.32990789,57.03404358
54115,8401,Vedsted,2023-03-24T22:28:38.837Z,2023-03-24T22:28:38.837Z,3,9.58932023,57.09784229,9.76813475,57.17861933,9.65386508,57.15131891
84975,8402,Brønderslev,2023-03-24T22:28:38.837Z,2023-03-24T22:28:38.837Z,8,9.87769006,57.22734909,10.01721786,57.30090001,9.94460878,57.27494275
85003,8403,Serritslev,2023-03-24T22:28:38.837Z,2023-03-24T22:28:38.837Z,3,9.92543248,57.28834454,10.04505496,57.33639171,9.97766206,57.31274545
85505,8404,Vrejlev,2023-03-24T22:28:38.837Z,2023-03-24T22:28:38.837Z,7,9.93650154,57.31307429,10.17168986,57.42057013,10.02226849,57.37253828
85503,8405,Hæstrup,2023-03-24T22:28:38.837Z,2023-03-24T22:28:38.837Z,5,9.93404063,57.39630951,10.00847044,57.42969845,9.98156466,57.41169089
53348,8406,Børglum,2023-03-24T22:28:38.837Z,2023-03-24T22:28:38.837Z,4,9.74198379,57.33258588,9.87385738,57.40095267,9.81724845,57.3739309
53349,8407,Løkken-Furreby,2023-03-24T22:28:38.837Z,2023-03-24T22:28:38.837Z,5,9.68974894,57.35208944,9.74583394,57.3960259,9.73053884,57.37877627
53353,8408,Vejby,2023-03-24T22:28:38.837Z,2023-03-24T22:28:38.837Z,4,9.85290974,57.35635446,9.89440125,57.40368664,9.87371782,57.38610186
85642,8409,Sejlstrup,2023-03-24T22:28:38.837Z,2023-03-24T22:28:38.837Z,3,9.85512422,57.3704485,9.92536012,57.42444304,9.90547031,57.38696406
53354,8410,Vrensted,2023-03-24T22:28:38.837Z,2023-03-24T22:28:38.837Z,4,9.70586847,57.30669681,9.83233312,57.37251231,9.78226658,57.33206894
53728,8411,Tise,2023-03-24T22:28:38.837Z,2023-03-24T22:28:38.837Z,3,9.73842596,57.21653211,9.85565274,57.3169512,9.79651265,57.24795346
85005,8412,Tolstrup,2023-03-24T22:28:38.837Z,2023-03-24T22:28:38.837Z,3,9.83478629,57.28813485,9.95435794,57.3292263,9.91157041,57.30395287
53727,8413,Stenum,2023-03-24T22:28:38.837Z,2023-03-24T22:28:38.837Z,3,9.82464421,57.30719963,9.90133905,57.34300558,9.87024684,57.32650988
85649,8414,Vrå,2023-03-24T22:28:38.837Z,2023-03-24T22:28:38.837Z,3,9.88488368,57.32848453,10.00059268,57.38929499,9.93696863,57.36118865
85596,8415,Em,2023-03-24T22:28:38.837Z,2023-03-24T22:28:38.837Z,4,9.86616004,57.3201572,9.94240767,57.35864813,9.91419171,57.33492081
85001,8416,Jerslev,2023-03-24T22:28:38.837Z,2023-03-24T22:28:38.837Z,6,9.98914314,57.26100225,10.17552611,57.33274988,10.09012177,57.29280161
84602,8417,Hellum,2023-03-24T22:28:38.837Z,2023-03-24T22:28:38.837Z,3,10.12143927,57.24545048,10.21792865,57.28614474,10.17905462,57.26555813
85037,8418,Øster Brønderslev,2023-03-24T22:28:38.837Z,2023-03-24T22:28:38.837Z,7,9.92813144,57.18830271,10.08169089,57.28041671,10.00016544,57.23117533
84979,8419,Hallund,2023-03-24T22:28:38.837Z,2023-03-24T22:28:38.837Z,4,10.02863932,57.19958947,10.13657589,57.26795603,10.09487614,57.23619627
53730,8420,Ingstrup,2023-03-24T22:28:38.837Z,2023-03-24T22:28:38.837Z,5,9.63800119,57.29598689,9.77149474,57.35596134,9.70360408,57.32164036
53731,8421,Vester Hjermitslev,2023-03-24T22:28:38.837Z,2023-03-24T22:28:38.837Z,4,9.69922833,57.27798825,9.78462638,57.30829881,9.76071621,57.29143323
53732,8422,Saltum,2024-09-02T21:03:15.515Z,2024-09-02T21:03:15.515Z,6,9.6061389,57.21955393,9.76481065,57.30632732,9.69638693,57.26633036
53729,8423,Alstrup,2023-03-24T22:28:38.837Z,2023-03-24T22:28:38.837Z,3,9.73681114,57.26119116,9.78424077,57.28456788,9.76213727,57.27148477
54516,8424,Jetsmark,2024-09-02T21:03:15.515Z,2024-09-02T21:03:15.515Z,5,9.568817,57.16676699,9.77420674,57.24694561,9.65554733,57.19784688
53733,8425,Hune,2023-03-24T22:28:38.837Z,2023-03-24T22:28:38.837Z,5,9.48986992,57.18368239,9.68010229,57.2799542,9.60304952,57.23956385
54112,8426,Gjøl,2023-03-24T22:28:38.837Z,2023-03-24T22:28:38.837Z,4,9.64863057,57.06086061,9.79471375,57.11125421,9.72399364,57.08528392
82109,8427,Hjallerup,2023-03-24T22:28:38.837Z,2023-03-24T22:28:38.837Z,4,10.10516031,57.10945664,10.22435658,57.21559003,10.1592445,57.15565587
86743,8428,Mosbjerg,2023-03-24T22:28:38.837Z,2023-03-24T22:28:38.837Z,3,10.22697937,57.48423667,10.3767551,57.55469398,10.29603342,57.51671247
87246,8429,Bindslev,2023-03-24T22:28:38.837Z,2023-03-24T22:28:38.837Z,3,10.13670387,57.5042922,10.26523681,57.56519145,10.19467872,57.53637983
86152,8430,Elling,2024-05-28T21:01:26.357Z,2024-05-28T21:01:26.357Z,10,10.36847125,57.45504799,10.5301679,57.51376661,10.46539662,57.48493637
86745,8431,Tolne,2023-03-24T22:28:38.837Z,2023-03-24T22:28:38.837Z,3,10.26272742,57.44618059,10.41262468,57.50117807,10.32683452,57.4693482
86490,8432,Hørmested,2024-01-10T22:10:55.667Z,2024-01-10T22:10:55.667Z,5,10.18630859,57.41414837,10.31596796,57.49311253,10.24697911,57.45304602
86262,8433,Åsted,2023-03-24T22:28:38.837Z,2023-03-24T22:28:38.837Z,4,10.35338483,57.39535795,10.47931165,57.46579094,10.39698193,57.43327618
83593,8434,Skærum,2024-01-19T22:03:58.050Z,2024-01-19T22:03:58.050Z,6,10.29742831,57.3897515,10.39107827,57.45431223,10.33122049,57.43122886
86153,8435,Flade,2024-05-28T21:01:26.357Z,2024-05-28T21:01:26.357Z,6,10.43829322,57.40622924,10.49720868,57.45841875,10.46958493,57.42264351
81738,8436,Gærum,2023-03-24T22:28:38.837Z,2023-03-24T22:28:38.837Z,3,10.37503914,57.37274021,10.47958966,57.42469464,10.43824591,57.40077985
99906,8437,Byrum,2023-03-24T22:28:38.837Z,2023-03-24T22:28:38.837Z,3,10.91187837,57.17227204,11.11441102,57.32119417,11.01861746,57.24835868
99907,8438,Hals,2023-03-24T22:28:38.837Z,2023-03-24T22:28:38.837Z,3,10.89569158,57.25720418,11.20076706,57.3321905,11.1524134,57.31376306
100055,8439,Vesterø,2023-03-24T22:28:38.837Z,2023-03-24T22:28:38.837Z,4,10.85536481,57.20884014,10.99236807,57.36571655,10.92398513,57.26437788
81742,8440,Sæby,2023-04-27T21:03:45.930Z,2023-04-27T21:03:45.930Z,10,10.47622219,57.29709637,10.5395418,57.3663567,10.50489635,57.32196593
81750,8441,Understed,2023-04-27T21:03:45.930Z,2023-04-27T21:03:45.930Z,7,10.41192881,57.35446749,10.52056578,57.40989529,10.48328765,57.38222697
81758,8442,Karup,2023-03-24T22:28:38.837Z,2023-03-24T22:28:38.837Z,5,10.37601181,57.34684206,10.44385228,57.37749093,10.40369004,57.36396027
81317,8443,Volstrup,2023-03-24T22:28:38.837Z,2023-03-24T22:28:38.837Z,9,10.38693888,57.25423989,10.55010702,57.36696389,10.47327853,57.29222036
81123,8444,Hørby,2023-03-24T22:28:38.837Z,2023-03-24T22:28:38.837Z,5,10.32623118,57.26710942,10.44257985,57.38599804,10.38876415,57.29292214
83706,8445,Torslev,2024-01-19T22:03:58.050Z,2024-01-19T22:03:58.050Z,4,10.248245,57.28365124,10.35803306,57.38272161,10.30489472,57.32580542
84617,8446,Skæve,2024-01-19T22:03:58.050Z,2024-01-19T22:03:58.050Z,6,10.20159961,57.24553643,10.37863947,57.32245206,10.25229556,57.2782996
81322,8447,Albæk-Lyngså,2023-03-24T22:28:38.837Z,2023-03-24T22:28:38.837Z,4,10.36414071,57.16884392,10.55155875,57.28427311,10.49029228,57.23869427
84664,8448,Voer,2024-05-27T21:01:23.728Z,2024-05-27T21:01:23.728Z,8,10.24195841,57.22319768,10.3841454,57.27807056,10.33319666,57.24639029
82093,8449,Hellevad,2023-03-24T22:28:38.837Z,2023-03-24T22:28:38.837Z,4,10.09009075,57.14081093,10.27624929,57.25135843,10.17074441,57.22461525
83194,8450,Ørum,2023-03-24T22:28:38.837Z,2023-03-24T22:28:38.837Z,3,10.02206104,57.14973837,10.13529574,57.22103991,10.08290529,57.18181349
82067,8451,Dronninglund,2024-05-28T21:01:26.357Z,2024-05-28T21:01:26.357Z,4,10.18156116,57.10561275,10.34556044,57.20521345,10.27119885,57.14386811
81858,8452,Asaa,2024-05-28T21:01:26.357Z,2024-05-28T21:01:26.357Z,5,10.3301724,57.11879682,10.44318942,57.19457402,10.38254799,57.15584228
88094,8454,Sankt Catharinæ,2023-03-24T22:28:38.837Z,2023-03-24T22:28:38.837Z,6,9.94805204,57.44624034,10.078829,57.48047535,9.99385302,57.45615826
88097,8455,Sankt Hans,2023-03-24T22:28:38.837Z,2023-03-24T22:28:38.837Z,4,9.90852544,57.419149,9.99165086,57.48823767,9.95163798,57.44181664
87736,8456,Sankt Olai,2023-03-24T22:28:38.837Z,2023-03-24T22:28:38.837Z,4,9.90596462,57.45806444,10.05595006,57.51443208,10.02028801,57.47913833
85654,8457,Ugilt,2023-03-24T22:28:38.837Z,2023-03-24T22:28:38.837Z,3,10.04940923,57.39273148,10.26002651,57.46252385,10.16386388,57.43201086
85504,8458,Tårs,2023-03-24T22:28:38.837Z,2023-03-24T22:28:38.837Z,4,10.04365285,57.32784504,10.24403052,57.42597864,10.14079947,57.37527562
87754,8459,Sindal,2023-03-24T22:28:38.837Z,2023-03-24T22:28:38.837Z,3,10.12607332,57.44920954,10.24029763,57.52516106,10.18386992,57.48798329
87739,8460,Astrup,2023-03-24T22:28:38.837Z,2023-03-24T22:28:38.837Z,4,10.03148798,57.44505574,10.15064392,57.51022918,10.09277052,57.47629421
87735,8461,Bjergby,2023-03-24T22:28:38.837Z,2023-03-24T22:28:38.837Z,3,9.97394824,57.49108499,10.06549402,57.54426186,10.03135903,57.51575107
87250,8462,Mygdal,2023-03-24T22:28:38.837Z,2023-03-24T22:28:38.837Z,3,10.04780869,57.49455973,10.14920598,57.56411813,10.10097203,57.53200433
87247,8463,Horne,2025-01-29T22:02:32.326Z,2025-01-29T22:02:32.326Z,8,9.95010086,57.53844379,10.02224831,57.57683821,9.98317372,57.56154527
87245,8464,Asdal,2024-10-22T21:04:04.354Z,2024-10-22T21:04:04.354Z,9,9.97207111,57.52906956,10.07584872,57.5926619,10.03437148,57.54706368
88156,8465,Hirtshals,2023-03-24T22:28:38.837Z,2023-03-24T22:28:38.837Z,6,9.92994134,57.56722204,10.00565885,57.59969552,9.96900393,57.58038958
88089,8466,Tornby,2025-01-29T22:02:32.326Z,2025-01-29T22:02:32.326Z,6,9.8638152,57.50699888,9.9886904,57.57842028,9.92927009,57.53371408
88090,8467,Vidstrup,2023-03-24T22:28:38.837Z,2023-03-24T22:28:38.837Z,3,9.90685884,57.48927178,9.98288271,57.51556898,9.94245836,57.50242497
88099,8468,Skallerup,2023-03-24T22:28:38.837Z,2023-03-24T22:28:38.837Z,4,9.80926037,57.45163096,9.92104927,57.51612993,9.87030602,57.48669752
88100,8469,Vennebjerg,2023-03-24T22:28:38.837Z,2023-03-24T22:28:38.837Z,5,9.79697698,57.43367946,9.92631798,57.4742375,9.83251161,57.45386482
53352,8470,Rubjerg,2023-03-24T22:28:38.837Z,2023-03-24T22:28:38.837Z,4,9.74671471,57.39655369,9.82213186,57.45276741,9.77510742,57.42599873
53351,8471,Lyngby,2023-03-24T22:28:38.837Z,2023-03-24T22:28:38.837Z,6,9.73034796,57.38628492,9.79945671,57.41679965,9.74938615,57.39831444
53350,8472,Jelstrup,2023-03-24T22:28:38.837Z,2023-03-24T22:28:38.837Z,3,9.79234824,57.39673177,9.87906621,57.44114496,9.83103384,57.42033049
88096,8473,Mårup,2023-03-24T22:28:38.837Z,2023-03-24T22:28:38.837Z,5,9.77409159,57.44717753,9.82614037,57.49256295,9.79197379,57.45589841
85614,8474,Harritslev,2023-03-24T22:28:38.837Z,2023-03-24T22:28:38.837Z,4,9.8667426,57.41419591,9.92905009,57.4494039,9.89481412,57.43615702
85620,8475,Rakkeby,2023-03-24T22:28:38.837Z,2023-03-24T22:28:38.837Z,3,9.89764412,57.38525178,9.98219269,57.42610565,9.93867058,57.39996234
86154,8476,Frederikshavn,2023-03-24T22:28:38.837Z,2023-03-24T22:28:38.837Z,9,10.50870847,57.42767337,10.62810166,57.50052606,10.52569846,57.46481211
86147,8478,Abildgård,2023-03-24T22:28:38.837Z,2023-03-24T22:28:38.837Z,5,10.49037546,57.43477737,10.53892282,57.46587775,10.51132191,57.45082969
86148,8479,Bangsbostrand,2023-03-24T22:28:38.837Z,2023-03-24T22:28:38.837Z,7,10.48402698,57.39829758,10.53438985,57.43699444,10.50994704,57.42258648
85917,8480,Skagen,2023-03-24T22:28:38.837Z,2023-03-24T22:28:38.837Z,6,10.46705956,57.67865991,10.65245684,57.75431967,10.51863877,57.70686532
86848,8481,Råbjerg,2023-03-24T22:28:38.837Z,2023-03-24T22:28:38.837Z,5,10.26764529,57.52171234,10.46229042,57.64609134,10.38555046,57.61580206
87248,8482,Tversted,2023-03-24T22:28:38.837Z,2023-03-24T22:28:38.837Z,4,10.12811462,57.53487196,10.27958831,57.61991477,10.2124982,57.58362132
87249,8483,Uggerby,2023-03-24T22:28:38.837Z,2023-03-24T22:28:38.837Z,4,10.05088255,57.55205433,10.16060011,57.59203461,10.09143784,57.57302347
45640,8484,Sahl,2024-01-23T22:04:07.687Z,2024-01-23T22:04:07.687Z,4,9.58052824,56.30667341,9.67480792,56.36448406,9.6264061,56.33372777
45613,8485,Gullev,2023-03-24T22:28:38.837Z,2023-03-24T22:28:38.837Z,4,9.64368069,56.32555835,9.72311247,56.36227876,9.69090474,56.33660466
44240,8486,Hvorslev,2023-03-24T22:28:38.837Z,2023-03-24T22:28:38.837Z,4,9.73896664,56.32580069,9.80086275,56.38360927,9.77421036,56.35998501
44239,8487,Gerning,2024-01-23T22:04:07.687Z,2024-01-23T22:04:07.687Z,4,9.68746138,56.31236123,9.77232012,56.38481902,9.72583968,56.36385202
44292,8488,Vellev,2024-01-23T22:04:07.687Z,2024-01-23T22:04:07.687Z,5,9.77878478,56.33218979,9.86768213,56.39647696,9.82066661,56.35251757
44845,8489,Vejerslev,2023-03-24T22:28:38.837Z,2023-03-24T22:28:38.837Z,4,9.66031639,56.29276508,9.77294981,56.33077091,9.71117446,56.31460753
44742,8490,Aidt,2023-03-24T22:28:38.837Z,2023-03-24T22:28:38.837Z,3,9.76259047,56.30155732,9.83681039,56.33772053,9.79200753,56.32005083
44766,8491,Thorsø,2024-05-27T21:01:23.728Z,2024-05-27T21:01:23.728Z,6,9.77368749,56.26809013,9.83013779,56.30981478,9.81688703,56.30036202
44065,8492,Houlbjerg,2023-03-24T22:28:38.837Z,2023-03-24T22:28:38.837Z,3,9.81797621,56.30669265,9.91531387,56.38592938,9.87959172,56.35620412
44017,8493,Granslev,2023-03-24T22:28:38.837Z,2023-03-24T22:28:38.837Z,3,9.86289632,56.30814815,9.96510241,56.35365879,9.92252407,56.3360204
44600,8494,Haurum,2023-03-24T22:28:38.837Z,2023-03-24T22:28:38.837Z,3,9.82831618,56.27321468,9.90349804,56.31469352,9.87075701,56.29704082
44706,8495,Sall,2023-03-24T22:28:38.837Z,2023-03-24T22:28:38.837Z,5,9.79050867,56.25603405,9.86466206,56.29606061,9.82302816,56.27796054
36906,8496,Balle,2023-03-24T22:28:38.837Z,2023-03-24T22:28:38.837Z,6,9.43654795,56.15718979,9.57030529,56.21045698,9.48875096,56.18105159
47072,8497,Tårup,2024-01-23T22:04:07.687Z,2024-01-23T22:04:07.687Z,6,9.18667925,56.49501853,9.29614101,56.57254057,9.2421595,56.53069564
47088,8498,Kvols,2023-03-24T22:28:38.837Z,2023-03-24T22:28:38.837Z,6,9.24860007,56.50124638,9.30854108,56.53455913,9.28453377,56.51657463
48136,8499,Kobberup,2025-01-01T22:02:15.652Z,2025-01-01T22:02:15.652Z,5,9.02777429,56.48544788,9.18743362,56.55718277,9.06465918,56.50877206
47873,8500,Stoholm,2024-01-23T22:04:07.687Z,2024-01-23T22:04:07.687Z,4,9.0773926,56.47438304,9.19385862,56.52645622,9.13505216,56.49843635
47096,8501,Sparkær,2023-03-24T22:28:38.837Z,2023-03-24T22:28:38.837Z,4,9.19832403,56.43994607,9.26306424,56.49943854,9.22802079,56.48155769
47875,8502,Gammelstrup,2023-03-24T22:28:38.837Z,2023-03-24T22:28:38.837Z,4,9.15825061,56.46771401,9.21679162,56.5192973,9.19312666,56.49997156
47872,8503,Daugbjerg,2024-01-23T22:04:07.687Z,2024-01-23T22:04:07.687Z,4,9.08833234,56.39093808,9.21969357,56.46017178,9.13104699,56.41956574
47876,8504,Mønsted,2023-03-24T22:28:38.837Z,2023-03-24T22:28:38.837Z,4,9.15261817,56.40201573,9.26143267,56.4811475,9.1994522,56.44123657
47877,8505,Smollerup,2023-03-24T22:28:38.837Z,2023-03-24T22:28:38.837Z,3,9.07432467,56.43505149,9.1589859,56.48455306,9.10585084,56.45360793
47878,8506,Vridsted,2024-01-23T22:04:07.687Z,2024-01-23T22:04:07.687Z,6,8.9814544,56.40483095,9.04119787,56.47707374,9.00393373,56.45773326
47874,8507,Fly,2023-03-24T22:28:38.837Z,2023-03-24T22:28:38.837Z,4,8.9716878,56.46661619,9.05498602,56.52583623,9.01652459,56.49064126
47879,8508,Vroue,2023-03-24T22:28:38.837Z,2023-03-24T22:28:38.837Z,7,9.01604542,56.40950376,9.09189679,56.48394808,9.05946199,56.42808741
46603,8509,Resen,2024-01-23T22:04:07.687Z,2024-01-23T22:04:07.687Z,6,9.01922914,56.36396965,9.17444594,56.41289828,9.10445011,56.3851036
42908,8510,Nørbæk,2024-01-23T22:04:07.687Z,2024-01-23T22:04:07.687Z,4,9.78009899,56.52113671,9.85669373,56.56176277,9.80585252,56.54406509
43217,8511,Sønderbæk,2024-01-23T22:04:07.687Z,2024-01-23T22:04:07.687Z,4,9.78471929,56.4875365,9.87235113,56.5326947,9.84494451,56.50926117
43216,8512,Læsten,2024-01-23T22:04:07.687Z,2024-01-23T22:04:07.687Z,4,9.78367475,56.47957905,9.8309619,56.514628,9.8072248,56.49427802
43218,8513,Øster Bjerregrav,2024-05-27T21:01:23.728Z,2024-05-27T21:01:23.728Z,4,9.85424054,56.47140022,9.9438347,56.51791273,9.89358954,56.49258063
43219,8514,Ålum,2024-01-23T22:04:07.687Z,2024-01-23T22:04:07.687Z,6,9.77607748,56.4430049,9.90227613,56.49247853,9.83093527,56.4679251
77773,8515,Tånum,2024-05-27T21:01:23.728Z,2024-05-27T21:01:23.728Z,6,9.89915778,56.4457711,9.99897275,56.48424677,9.92186278,56.46199983
77761,8516,Hornbæk,2023-03-24T22:28:38.837Z,2023-03-24T22:28:38.837Z,4,9.94246267,56.44515936,10.01654256,56.48020898,9.96936255,56.45853052
51762,8517,Vesterbølle,2023-03-24T22:28:38.837Z,2023-03-24T22:28:38.837Z,7,9.32733529,56.67584706,9.4309508,56.73771624,9.38473034,56.71323386
50437,8518,Østerbølle,2023-03-24T22:28:38.837Z,2023-03-24T22:28:38.837Z,5,9.42322467,56.68119859,9.48643309,56.73879688,9.44983348,56.71357335
51761,8519,Gedsted,2024-01-23T22:04:07.687Z,2024-01-23T22:04:07.687Z,9,9.30499015,56.66243003,9.39636265,56.70795625,9.33986099,56.68477259
51508,8520,Fjelsø,2024-01-23T22:04:07.687Z,2024-01-23T22:04:07.687Z,4,9.39062339,56.63682197,9.47689474,56.70338374,9.43266682,56.66280296
50436,8521,Simested,2023-03-24T22:28:38.837Z,2023-03-24T22:28:38.837Z,7,9.50627128,56.64816739,9.62757415,56.7384369,9.55462705,56.70751202
51073,8522,Testrup,2023-03-24T22:28:38.837Z,2023-03-24T22:28:38.837Z,3,9.46510949,56.70500239,9.53537992,56.74320299,9.50106135,56.72359031
50431,8523,Hvam,2023-03-24T22:28:38.837Z,2023-03-24T22:28:38.837Z,4,9.46094618,56.63775848,9.53465573,56.69251394,9.49928628,56.66289145
50432,8524,Hvilsom,2024-01-23T22:04:07.687Z,2024-01-23T22:04:07.687Z,7,9.52108842,56.62690206,9.65486599,56.68594438,9.60254807,56.66064596
43941,8525,Hersom,2023-11-02T22:05:36.260Z,2023-11-02T22:05:36.260Z,5,9.50594518,56.54693267,9.59477796,56.59157313,9.5659163,56.56652748
43944,8526,Vester Bjerregrav,2023-11-02T22:05:36.260Z,2023-11-02T22:05:36.260Z,5,9.4623447,56.56680478,9.5496805,56.61026792,9.49159116,56.5863175
43942,8527,Klejtrup,2024-01-23T22:04:07.687Z,2024-01-23T22:04:07.687Z,6,9.57762762,56.55299356,9.67711078,56.63219018,9.6234647,56.61700647
43945,8528,Vester Tostrup,2024-01-23T22:04:07.687Z,2024-01-23T22:04:07.687Z,6,9.42045886,56.59522953,9.51442905,56.65242785,9.47259043,56.62118857
43943,8529,Roum,2024-01-23T22:04:07.687Z,2024-01-23T22:04:07.687Z,4,9.49920984,56.58965606,9.60088325,56.63847586,9.54663487,56.61087252
47086,8530,Låstrup,2024-01-23T22:04:07.687Z,2024-01-23T22:04:07.687Z,8,9.33842029,56.56583849,9.43364311,56.62645869,9.39417847,56.59800842
47087,8531,Skals,2023-07-06T21:01:47.079Z,2023-07-06T21:01:47.079Z,5,9.36563129,56.536727,9.47780539,56.60502629,9.44333944,56.57646959
51769,8532,Ulbjerg,2024-01-23T22:04:07.687Z,2024-01-23T22:04:07.687Z,8,9.29021553,56.59278591,9.44602245,56.67274711,9.36375595,56.63681613
46796,8533,Lynderup,2023-03-24T22:28:38.837Z,2023-03-24T22:28:38.837Z,5,9.28650589,56.55161959,9.37638615,56.60721551,9.31438612,56.56897951
45898,8534,Dollerup,2024-09-05T21:06:17.938Z,2024-09-05T21:06:17.938Z,5,9.24771096,56.35982736,9.38914106,56.41890854,9.32808042,56.38504378
45919,8535,Finderup,2023-03-24T22:28:38.837Z,2023-03-24T22:28:38.837Z,4,9.21517939,56.37001183,9.3384197,56.43991908,9.27671971,56.41202342
47101,8536,Ravnstrup,2023-07-06T21:01:47.079Z,2023-07-06T21:01:47.079Z,4,9.25040814,56.42881397,9.33932816,56.48177644,9.2938199,56.45365611
76336,8537,Skjød,2023-03-24T22:28:38.837Z,2023-03-24T22:28:38.837Z,4,9.89142166,56.27202217,9.9749928,56.32144656,9.9295685,56.2933628
19977,8540,Roslev,2023-03-24T22:28:38.837Z,2023-03-24T22:28:38.837Z,6,8.95733277,56.67856316,9.01193245,56.721851,8.97830445,56.70402619
51781,8541,Rybjerg,2023-03-24T22:28:38.837Z,2023-03-24T22:28:38.837Z,5,8.98231794,56.68970417,9.07491014,56.74338117,9.02838156,56.71984015
19669,8545,Vile,2024-10-11T21:03:05.131Z,2024-10-11T21:03:05.131Z,5,8.82469578,56.70499744,8.88615232,56.74332657,8.85953151,56.72267675
19665,8546,Glyngøre,2023-03-24T22:28:38.837Z,2023-03-24T22:28:38.837Z,5,8.85383028,56.73696054,8.88977233,56.76482471,8.87857085,56.75701298
19667,8547,Sæby,2023-03-24T22:28:38.837Z,2023-03-24T22:28:38.837Z,4,8.88304335,56.75435601,8.95763995,56.79797483,8.90219893,56.76296572
52991,8548,Fur,2021-05-17T15:46:48.633Z,2021-05-17T15:46:48.633Z,4,8.95074161,56.79618848,9.08379992,56.84664446,9.00113248,56.82525886
19982,8549,Rødding,2023-03-24T22:28:38.837Z,2023-03-24T22:28:38.837Z,5,8.76044753,56.61550218,8.86131654,56.69516912,8.80998151,56.64375291
11794,8550,Lihme,2023-03-24T22:28:38.837Z,2023-03-24T22:28:38.837Z,4,8.67423732,56.56835766,8.78074713,56.64620516,8.72500909,56.59519135
11789,8551,Balling,2023-03-24T22:28:38.837Z,2023-03-24T22:28:38.837Z,4,8.84098426,56.6025453,8.91539758,56.64761097,8.88338579,56.62341171
11797,8552,Volling,2023-03-24T22:28:38.837Z,2023-03-24T22:28:38.837Z,3,8.85126104,56.58131691,8.90955475,56.61074774,8.88123124,56.59409658
19979,8553,Krejbjerg,2023-03-24T22:28:38.837Z,2023-03-24T22:28:38.837Z,4,8.81197174,56.63611146,8.90099784,56.69699496,8.85884486,56.66820559
11792,8554,Håsum,2023-03-24T22:28:38.837Z,2023-03-24T22:28:38.837Z,3,8.82104686,56.54584807,8.88381462,56.59256534,8.85567783,56.57023306
11795,8555,Ramsing,2023-03-24T22:28:38.837Z,2023-03-24T22:28:38.837Z,4,8.7875054,56.56488776,8.87215477,56.62512062,8.84207276,56.60409202
11793,8556,Lem,2023-03-24T22:28:38.837Z,2023-03-24T22:28:38.837Z,4,8.73709558,56.55206124,8.81309704,56.61886481,8.77617351,56.57594611
11796,8557,Vejby,2023-03-24T22:28:38.837Z,2023-03-24T22:28:38.837Z,3,8.77227494,56.59434979,8.83108453,56.62534506,8.80144263,56.61054834
48135,8558,Højslev,2023-03-24T22:28:38.837Z,2023-03-24T22:28:38.837Z,5,9.0895709,56.53485173,9.18437083,56.6199873,9.14561061,56.57329882
47893,8559,Dommerby,2024-01-23T22:04:07.687Z,2024-01-23T22:04:07.687Z,9,9.03124635,56.5221218,9.11118344,56.57704718,9.0837627,56.54751236
51782,8560,Lundø,2023-03-24T22:28:38.837Z,2023-03-24T22:28:38.837Z,4,9.1035697,56.61590518,9.17109882,56.66448659,9.14329508,56.62638702
48138,8561,Ørslevkloster,2023-03-24T22:28:38.837Z,2023-03-24T22:28:38.837Z,4,9.16319699,56.56897517,9.29577332,56.6299777,9.21659973,56.60648142
47090,8562,Ørum,2024-01-23T22:04:07.687Z,2024-01-23T22:04:07.687Z,4,9.1755538,56.52462689,9.25483082,56.58567806,9.2032452,56.5522158
47279,8563,Vorde,2023-03-24T22:28:38.837Z,2023-03-24T22:28:38.837Z,9,9.30652171,56.49414592,9.4378719,56.54123312,9.37543072,56.51943536
47100,8564,Fiskbæk,2023-03-24T22:28:38.837Z,2023-03-24T22:28:38.837Z,10,9.27193666,56.486281,9.37565457,56.52529184,9.31819433,56.50346106
47104,8565,Romlund,2023-03-24T22:28:38.837Z,2023-03-24T22:28:38.837Z,6,9.2496082,56.46681841,9.36148695,56.5076128,9.30605415,56.48027706
43576,8566,Rødding,2023-03-24T22:28:38.837Z,2023-03-24T22:28:38.837Z,5,9.4395198,56.46401309,9.5619502,56.53044132,9.49859823,56.49388151
43948,8567,Løvel,2023-03-24T22:28:38.837Z,2023-03-24T22:28:38.837Z,4,9.38324183,56.50002224,9.50494965,56.56493472,9.44534034,56.53036702
43950,8568,Pederstrup,2023-03-24T22:28:38.837Z,2023-03-24T22:28:38.837Z,4,9.46673154,56.51954364,9.54029627,56.57494064,9.51512588,56.54855042
43951,8569,Vammen,2024-01-23T22:04:07.687Z,2024-01-23T22:04:07.687Z,7,9.52826345,56.49866904,9.6323097,56.55616308,9.56625247,56.53066141
43947,8570,Lindum,2024-01-23T22:04:07.687Z,2024-01-23T22:04:07.687Z,4,9.64258615,56.53554176,9.75217592,56.59042061,9.69974457,56.56529819
43946,8571,Bigum,2024-01-23T22:04:07.687Z,2024-01-23T22:04:07.687Z,4,9.608363,56.53356157,9.68172594,56.57496595,9.64511759,56.54929338
48137,8572,Skive,2023-03-24T22:28:38.837Z,2023-03-24T22:28:38.837Z,5,8.97580224,56.55538647,9.05867511,56.59687637,9.00423463,56.5765344
47891,8573,Resen,2023-03-24T22:28:38.837Z,2023-03-24T22:28:38.837Z,4,9.00997267,56.57606369,9.0524424,56.6166419,9.02794225,56.59535543
11778,8574,Hem,2023-03-24T22:28:38.837Z,2023-03-24T22:28:38.837Z,3,8.92184368,56.56306135,8.98091786,56.60823707,8.95267206,56.59256603
19978,8575,Hindborg,2023-03-24T22:28:38.837Z,2023-03-24T22:28:38.837Z,3,8.92659845,56.60769522,8.98774045,56.63795963,8.95552144,56.62020941
11637,8576,Dølby,2023-03-24T22:28:38.837Z,2023-03-24T22:28:38.837Z,3,8.96239041,56.58305715,9.02218077,56.63996358,8.9924305,56.60882969
19980,8577,Oddense,2023-03-24T22:28:38.837Z,2023-03-24T22:28:38.837Z,3,8.88465132,56.62465336,8.98612358,56.68207063,8.95177534,56.65156044
19981,8578,Otting,2023-03-24T22:28:38.837Z,2023-03-24T22:28:38.837Z,3,8.88389625,56.62088109,8.93346543,56.65355537,8.91954943,56.63643951
51784,8585,Grinderslev,2023-03-24T22:28:38.837Z,2023-03-24T22:28:38.837Z,5,9.02288668,56.66399938,9.13475892,56.73047148,9.06854845,56.69589683
51790,8586,Grønning,2023-03-24T22:28:38.837Z,2023-03-24T22:28:38.837Z,4,9.03463225,56.63014071,9.10534032,56.66783437,9.06336374,56.65110587
51862,8587,Thise,2023-03-24T22:28:38.837Z,2023-03-24T22:28:38.837Z,4,9.08068803,56.69031877,9.2001863,56.73599208,9.12958017,56.71731173
46170,8590,Vium,2024-01-23T22:04:07.687Z,2024-01-23T22:04:07.687Z,5,9.29388507,56.30844294,9.40769452,56.36104638,9.34888921,56.32646893
45971,8591,Lysgård,2024-09-05T21:06:17.938Z,2024-09-05T21:06:17.938Z,9,9.28676182,56.33081803,9.37877387,56.37289491,9.34299996,56.3549161
45826,8592,Sjørslev,2024-01-23T22:04:07.687Z,2024-01-23T22:04:07.687Z,4,9.38131859,56.29698533,9.48267009,56.3697358,9.43662312,56.33181664
45847,8593,Almind,2024-01-23T22:04:07.687Z,2024-01-23T22:04:07.687Z,8,9.34877585,56.349524,9.4387588,56.4072707,9.39731936,56.37378931
45200,8596,Ans-Grønbæk,2026-01-30T22:17:15.683Z,2026-01-30T22:17:15.683Z,5,9.54000663,56.26514081,9.67950867,56.31993991,9.61590484,56.28775558
45213,8597,Levring,2024-01-23T22:04:07.687Z,2024-01-23T22:04:07.687Z,4,9.4346129,56.28100763,9.55012457,56.32526986,9.47560757,56.3010729
46146,8598,Hørup,2024-01-30T22:08:47.445Z,2024-01-30T22:08:47.445Z,5,9.38532713,56.26705267,9.47098168,56.30454305,9.43118085,56.28439602
45202,8599,Hinge,2023-03-24T22:28:38.837Z,2023-03-24T22:28:38.837Z,3,9.45657007,56.2546801,9.58650752,56.29174469,9.48968792,56.26908369
46149,8600,Vinderslev,2024-01-30T22:08:47.445Z,2024-01-30T22:08:47.445Z,5,9.37354017,56.2170907,9.48912316,56.27984561,9.41971921,56.24915288
46148,8601,Thorning,2024-01-23T22:04:07.687Z,2024-01-23T22:04:07.687Z,4,9.22247295,56.25219545,9.40743792,56.31712321,9.31289198,56.28622109
45855,8602,Frederiks,2024-09-05T21:06:17.938Z,2024-09-05T21:06:17.938Z,7,9.13552514,56.2793783,9.30893539,56.39443046,9.22857364,56.33860143
46506,8603,Karup,2024-01-23T22:04:07.687Z,2024-01-23T22:04:07.687Z,4,9.04235276,56.21835794,9.25017097,56.3681566,9.13115826,56.30622535
45167,8604,Serup,2023-03-24T22:28:38.837Z,2023-03-24T22:28:38.837Z,3,9.45039784,56.2151107,9.55728472,56.26517789,9.48528898,56.23507919
45153,8605,Lemming,2023-03-24T22:28:38.837Z,2023-03-24T22:28:38.837Z,3,9.52198456,56.20676715,9.60651637,56.26383839,9.56255666,56.24037495
36917,8606,Gødvad,2023-03-24T22:28:38.837Z,2023-03-24T22:28:38.837Z,9,9.56174633,56.17274456,9.6557526,56.21837873,9.6068565,56.19197819
45046,8607,Svostrup,2023-03-24T22:28:38.837Z,2023-03-24T22:28:38.837Z,3,9.57196653,56.20187844,9.67340573,56.28826183,9.63562107,56.23710992
45164,8608,Sejling,2023-03-24T22:28:38.837Z,2023-03-24T22:28:38.837Z,6,9.49295953,56.20118404,9.57235926,56.23257123,9.52991327,56.21578127
36980,8609,Sinding,2023-03-24T22:28:38.837Z,2023-03-24T22:28:38.837Z,3,9.4275378,56.19584595,9.4994225,56.22363883,9.46238164,56.21079993
41477,8610,Kragelund,2023-03-24T22:28:38.837Z,2023-03-24T22:28:38.837Z,3,9.31430843,56.17134509,9.446566,56.24293548,9.39836449,56.20276035
41487,8611,Funder,2023-03-24T22:28:38.837Z,2023-03-24T22:28:38.837Z,3,9.38603947,56.12245434,9.51325844,56.17970698,9.44531773,56.15135137
41321,8612,Engesvang,2024-01-23T22:04:07.687Z,2024-01-23T22:04:07.687Z,5,9.22241581,56.12770884,9.42361833,56.22576944,9.31092653,56.17239273
47112,8613,Viborg Domsogn,2023-03-24T22:28:38.837Z,2023-03-24T22:28:38.837Z,4,9.39225278,56.44940161,9.45103679,56.50229327,9.41313464,56.45756424
47108,8614,Søndre,2023-07-06T21:01:47.079Z,2023-07-06T21:01:47.079Z,7,9.31973627,56.42632647,9.42013242,56.46387104,9.34244893,56.45136667
47097,8615,Asmild,2024-11-19T22:02:50.382Z,2024-11-19T22:02:50.382Z,11,9.4059845,56.40121867,9.4698878,56.46173435,9.43971474,56.43332834
47109,8616,Tapdrup,2024-11-19T22:02:50.382Z,2024-11-19T22:02:50.382Z,7,9.45779172,56.43160417,9.53076573,56.47094197,9.49833781,56.45139069
43582,8617,Vinkel,2023-03-24T22:28:38.837Z,2023-03-24T22:28:38.837Z,3,9.45241649,56.39623851,9.55581496,56.437835,9.51431071,56.41632669
45693,8618,Sønder Rind,2024-01-23T22:04:07.687Z,2024-01-23T22:04:07.687Z,6,9.41924942,56.36446993,9.52129181,56.40645835,9.45753374,56.38852351
45659,8619,Vindum,2023-03-24T22:28:38.837Z,2023-03-24T22:28:38.837Z,5,9.44894253,56.34626713,9.61512717,56.40188595,9.55800944,56.37579591
45634,8621,Mammen,2023-03-24T22:28:38.837Z,2023-03-24T22:28:38.837Z,4,9.54627194,56.39417528,9.63985107,56.43719379,9.59986698,56.41609164
45553,8622,Bjerringbro,2023-03-24T22:28:38.837Z,2023-03-24T22:28:38.837Z,5,9.63201117,56.3578021,9.70267451,56.39307572,9.66167063,56.37052793
43575,8624,Lee,2025-01-30T22:03:16.627Z,2025-01-30T22:03:16.627Z,4,9.61183182,56.39517138,9.70941357,56.45048268,9.66924786,56.43430885
44211,8625,Hjorthede,2024-01-23T22:04:07.687Z,2024-01-23T22:04:07.687Z,5,9.67809269,56.37603502,9.7595718,56.43418374,9.71852412,56.41382624
43222,8626,Vester Velling,2024-01-23T22:04:07.687Z,2024-01-23T22:04:07.687Z,4,9.7490449,56.41093587,9.85018638,56.45047572,9.79305473,56.43054874
43220,8627,Skjern,2025-01-30T22:03:16.627Z,2025-01-30T22:03:16.627Z,5,9.67498905,56.42529973,9.78728288,56.48259698,9.74132011,56.45162135
43193,8628,Øster Velling,2024-01-23T22:04:07.687Z,2024-01-23T22:04:07.687Z,5,9.84107001,56.4113276,9.9070052,56.4478196,9.86514674,56.42504705
42923,8629,Helstrup,2023-10-12T21:20:04.707Z,2023-10-12T21:20:04.707Z,4,9.86237722,56.41869366,9.92901545,56.45265894,9.89818669,56.43734704
78145,8630,Grensten,2023-03-24T22:28:38.837Z,2023-03-24T22:28:38.837Z,3,9.89858939,56.40993108,9.97699159,56.4502896,9.94453766,56.42909851
44091,8631,Langå,2024-01-23T22:04:07.687Z,2024-01-23T22:04:07.687Z,4,9.83504908,56.37905533,9.91854512,56.4158565,9.88105988,56.39840949
44210,8632,Torup,2023-03-24T22:28:38.837Z,2023-03-24T22:28:38.837Z,3,9.79749293,56.39237845,9.83951367,56.41989303,9.81879172,56.40436618
44297,8633,Sønder Vinge,2024-01-23T22:04:07.687Z,2024-01-23T22:04:07.687Z,4,9.7155954,56.3831529,9.80456093,56.4220023,9.76989478,56.40537287
43577,8634,Tjele,2023-03-24T22:28:38.837Z,2023-03-24T22:28:38.837Z,5,9.54441637,56.47350137,9.68944249,56.53423104,9.62311064,56.51383075
43949,8635,Nørre Vinge,2024-01-23T22:04:07.687Z,2024-01-23T22:04:07.687Z,4,9.63159688,56.5124934,9.70326896,56.54707026,9.66447807,56.52916384
43580,8636,Ørum,2023-03-24T22:28:38.837Z,2023-03-24T22:28:38.837Z,3,9.5892331,56.45959769,9.7002103,56.50543838,9.63639066,56.48246785
43579,8637,Viskum,2023-03-24T22:28:38.837Z,2023-03-24T22:28:38.837Z,4,9.54977542,56.42974204,9.70012955,56.47951055,9.61923806,56.44711929
43578,8638,Vejrum,2023-03-24T22:28:38.837Z,2023-03-24T22:28:38.837Z,4,9.51716643,56.42528177,9.60545003,56.47804951,9.53815852,56.46293642
42909,8639,Vorning,2024-01-23T22:04:07.687Z,2024-01-23T22:04:07.687Z,6,9.68235324,56.50632781,9.79634205,56.56252524,9.75296183,56.53557389
43224,8640,Kvorning,2023-03-24T22:28:38.837Z,2023-03-24T22:28:38.837Z,4,9.68210722,56.46005102,9.74392811,56.51332941,9.71112717,56.48403828
43223,8641,Hammershøj,2024-01-23T22:04:07.687Z,2024-01-23T22:04:07.687Z,5,9.72427902,56.47738001,9.78925931,56.51925766,9.75918037,56.49953825
19174,8642,Hillerslev,2024-09-02T21:03:15.515Z,2024-09-02T21:03:15.515Z,8,8.693972,56.96792826,8.81394843,57.0995592,8.72999592,57.00006179
22293,8643,Kåstrup,2023-03-24T22:28:38.837Z,2023-03-24T22:28:38.837Z,3,8.70429575,57.01826269,8.76483715,57.06480148,8.72107421,57.0294261
18323,8644,Sennels,2024-09-02T21:03:15.515Z,2024-09-02T21:03:15.515Z,6,8.74367877,56.94632623,8.84841078,57.0090036,8.78196856,56.97560262
22090,8645,Hunstrup,2023-03-24T22:28:38.837Z,2023-03-24T22:28:38.837Z,3,8.7595507,56.99653647,8.86992182,57.07126197,8.79884482,57.03534169
22098,8646,Østerild,2023-03-24T22:28:38.837Z,2023-03-24T22:28:38.837Z,4,8.82112116,56.98822376,8.97410184,57.0731832,8.86901395,57.02146461
21985,8647,Hjardemål,2023-03-24T22:28:38.837Z,2023-03-24T22:28:38.837Z,5,8.75568295,57.04508173,8.95280452,57.13377489,8.87762157,57.09434588
20983,8648,Vestervig,2023-03-24T22:28:38.837Z,2023-03-24T22:28:38.837Z,5,8.25219299,56.7269393,8.40371854,56.81438242,8.33690793,56.77617443
21245,8649,Agger,2023-03-24T22:28:38.837Z,2023-03-24T22:28:38.837Z,4,8.21005118,56.70018883,8.28829334,56.81456879,8.24929094,56.79019744
20982,8650,Hurup,2023-03-24T22:28:38.837Z,2023-03-24T22:28:38.837Z,6,8.37768015,56.72007737,8.44248464,56.77401274,8.40763645,56.74862613
21173,8651,Boddum,2023-03-24T22:28:38.837Z,2023-03-24T22:28:38.837Z,5,8.43797957,56.67945038,8.54710696,56.72515785,8.48567417,56.70369657
20985,8652,Ydby,2023-03-24T22:28:38.837Z,2023-03-24T22:28:38.837Z,6,8.3561366,56.67017162,8.48372624,56.74671018,8.40801036,56.70310341
749261,8659,Jegindø,2025-01-21T22:07:18.840Z,2025-01-21T22:07:18.840Z,1,8.58637391,56.62044317,8.64249413,56.66374046,8.61476712,56.65165855
18931,8660,Snedsted,2023-03-24T22:28:38.837Z,2023-03-24T22:28:38.837Z,3,8.46422864,56.87389057,8.58290783,56.91715612,8.53872086,56.89555206
21835,8661,Nørhå,2023-03-24T22:28:38.837Z,2023-03-24T22:28:38.837Z,4,8.37867775,56.88798833,8.49207767,56.92761898,8.44151201,56.90484441
21836,8662,Sønderhå,2023-03-24T22:28:38.837Z,2023-03-24T22:28:38.837Z,3,8.39681838,56.83730429,8.48772009,56.89387679,8.43674791,56.87455232
21834,8663,Hørsted,2023-03-24T22:28:38.837Z,2023-03-24T22:28:38.837Z,3,8.46451695,56.86188431,8.52781086,56.88351997,8.49016551,56.8715802
18929,8664,Harring,2023-03-24T22:28:38.837Z,2023-03-24T22:28:38.837Z,3,8.50222142,56.85300246,8.57430192,56.87852443,8.54115102,56.86487885
18932,8665,Stagstrup,2024-05-27T21:01:23.728Z,2024-05-27T21:01:23.728Z,5,8.55590644,56.84790917,8.63312639,56.8943409,8.5978739,56.87552452
18928,8666,Skyum,2024-05-27T21:01:23.728Z,2024-05-27T21:01:23.728Z,5,8.53113603,56.81672106,8.61364867,56.85709627,8.58223829,56.84333591
21832,8667,Hørdum,2023-03-24T22:28:38.837Z,2023-03-24T22:28:38.837Z,3,8.46576814,56.82157119,8.56145755,56.8636838,8.50245643,56.84885503
18321,8668,Sejerslev,2023-03-24T22:28:38.837Z,2023-03-24T22:28:38.837Z,4,8.81667071,56.89676218,8.94139073,56.98464491,8.85621442,56.91852122
18320,8669,Ejerslev,2023-03-24T22:28:38.837Z,2023-03-24T22:28:38.837Z,4,8.88218085,56.89668331,9.01227979,56.94607954,8.9001798,56.92588871
18496,8670,Jørsby,2023-03-24T22:28:38.837Z,2023-03-24T22:28:38.837Z,3,8.85966816,56.86069037,8.90632132,56.90564815,8.87914335,56.89158245
18499,8671,Flade,2023-03-24T22:28:38.837Z,2023-03-24T22:28:38.837Z,3,8.74926301,56.86581161,8.82237443,56.90365621,8.78969909,56.88707565
18782,8672,Bjergby,2023-03-24T22:28:38.837Z,2023-03-24T22:28:38.837Z,3,8.70934857,56.85514188,8.76211352,56.89585673,8.73764783,56.86911559
18495,8673,Alsted,2023-03-24T22:28:38.837Z,2023-03-24T22:28:38.837Z,3,8.78794215,56.83335274,8.84240184,56.87882458,8.82255101,56.84901368
18497,8674,Sønder Dråby,2023-03-24T22:28:38.837Z,2023-03-24T22:28:38.837Z,3,8.81222976,56.87343497,8.86371059,56.90033725,8.8342083,56.89178776
18925,8675,Solbjerg,2023-10-12T21:20:04.707Z,2023-10-12T21:20:04.707Z,5,8.66758995,56.82138697,8.71684227,56.87457209,8.69459999,56.85521605
18926,8676,Sundby,2023-03-24T22:28:38.837Z,2023-03-24T22:28:38.837Z,4,8.63365668,56.86020608,8.72923405,56.89052226,8.66851867,56.87685203
18918,8677,Dragstrup,2023-10-12T21:20:04.707Z,2023-10-12T21:20:04.707Z,4,8.60886123,56.80390726,8.70204875,56.83758746,8.65357843,56.82586314
18924,8678,Skallerup,2023-03-24T22:28:38.837Z,2023-03-24T22:28:38.837Z,3,8.63103158,56.83518526,8.682393,56.86546259,8.6597561,56.84658647
18923,8679,Galtrup,2023-03-24T22:28:38.837Z,2023-03-24T22:28:38.837Z,4,8.70763178,56.83643113,8.81752477,56.87441438,8.76753118,56.85386696
18927,8680,Øster Jølby,2023-03-24T22:28:38.837Z,2023-03-24T22:28:38.837Z,4,8.68144684,56.81692338,8.72567393,56.83788284,8.7092199,56.82484708
18498,8681,Tødsø,2023-03-24T22:28:38.837Z,2023-03-24T22:28:38.837Z,4,8.76941803,56.80114806,8.85286734,56.84569211,8.80948484,56.82527341
18922,8682,Erslev,2023-03-24T22:28:38.837Z,2023-03-24T22:28:38.837Z,3,8.71984657,56.81352964,8.78383623,56.84437978,8.74832591,56.82954053
21821,8683,Hassing,2023-03-24T22:28:38.837Z,2023-03-24T22:28:38.837Z,3,8.43142379,56.80281208,8.48217073,56.84829706,8.45252724,56.8183333
21833,8684,Villerslev,2023-03-24T22:28:38.837Z,2023-03-24T22:28:38.837Z,4,8.46808282,56.79677883,8.5376097,56.83669834,8.50059944,56.81857706
20984,8685,Visby,2023-03-24T22:28:38.837Z,2023-03-24T22:28:38.837Z,4,8.43328205,56.78107337,8.49313581,56.81059288,8.46083578,56.79690164
20981,8686,Heltborg,2023-03-24T22:28:38.837Z,2023-03-24T22:28:38.837Z,4,8.42889138,56.72819854,8.50024199,56.80379405,8.46529913,56.75496539
21831,8689,Hvidbjerg Vesten Å,2023-03-24T22:28:38.837Z,2023-03-24T22:28:38.837Z,3,8.27144563,56.82788886,8.42201887,56.90440805,8.35060288,56.86797
21839,8690,Ørum,2023-03-24T22:28:38.837Z,2023-03-24T22:28:38.837Z,4,8.26662269,56.80597056,8.36950269,56.85874893,8.33058698,56.82575296
21861,8691,Lodbjerg,2023-03-24T22:28:38.837Z,2023-03-24T22:28:38.837Z,4,8.2446099,56.79269307,8.31634456,56.8516222,8.28266323,56.81072701
19654,8692,Nykøbing M,2023-03-24T22:28:38.837Z,2023-03-24T22:28:38.837Z,5,8.81975491,56.76367869,8.87982895,56.81996318,8.8574492,56.80332781
19413,8693,Lødderup,2023-03-24T22:28:38.837Z,2023-03-24T22:28:38.837Z,4,8.74734056,56.73911572,8.84124822,56.80257889,8.78895302,56.77314536
19411,8694,Elsø,2023-03-24T22:28:38.837Z,2023-03-24T22:28:38.837Z,3,8.76408519,56.79175345,8.8088686,56.81438606,8.7849727,56.80330045
20440,8695,Frøslev,2023-03-24T22:28:38.837Z,2023-03-24T22:28:38.837Z,4,8.69632736,56.78367581,8.76962236,56.81911332,8.74130961,56.80004351
20547,8696,Mollerup,2023-03-24T22:28:38.837Z,2023-03-24T22:28:38.837Z,4,8.69082541,56.76172918,8.73086912,56.80522499,8.70545945,56.78338576
20551,8697,Tæbring,2023-03-24T22:28:38.837Z,2023-03-24T22:28:38.837Z,3,8.5854505,56.77421254,8.64388095,56.79694514,8.61354535,56.78334318
20548,8698,Ovtrup,2023-03-24T22:28:38.837Z,2023-03-24T22:28:38.837Z,4,8.63038261,56.7602756,8.69745248,56.8091334,8.66529318,56.78338031
20549,8699,Rakkeby,2023-03-24T22:28:38.837Z,2023-03-24T22:28:38.837Z,4,8.58599642,56.75824672,8.66907019,56.77936807,8.63317951,56.76620633
20546,8700,Karby,2023-03-24T22:28:38.837Z,2023-03-24T22:28:38.837Z,3,8.50102484,56.72252874,8.6038545,56.79599543,8.57106138,56.77186844
20550,8701,Redsted,2023-03-24T22:28:38.837Z,2023-03-24T22:28:38.837Z,3,8.6197897,56.71501842,8.70013655,56.76243119,8.66696317,56.74322049
20537,8702,Hvidbjerg,2023-03-24T22:28:38.837Z,2023-03-24T22:28:38.837Z,3,8.56381853,56.71556826,8.65146691,56.76419572,8.60343139,56.74342722
20552,8703,Vejerslev,2023-03-24T22:28:38.837Z,2023-03-24T22:28:38.837Z,5,8.69096344,56.7206266,8.75809352,56.78724807,8.72671645,56.74687549
19412,8705,Ljørslev,2023-03-24T22:28:38.837Z,2023-03-24T22:28:38.837Z,4,8.75315761,56.71906834,8.83109547,56.75690719,8.77657971,56.74410758
19656,8706,Ørding,2023-03-24T22:28:38.837Z,2023-03-24T22:28:38.837Z,3,8.71224939,56.69603158,8.78811302,56.73597806,8.74808047,56.71481123
20205,8708,Vester Assels,2023-03-24T22:28:38.837Z,2023-03-24T22:28:38.837Z,3,8.60900155,56.68277741,8.68309321,56.71770275,8.65330441,56.6983927
54103,8710,Hjortdal,2023-03-24T22:28:38.837Z,2023-03-24T22:28:38.837Z,4,9.27998889,57.09595668,9.40328397,57.16431237,9.35264664,57.13568771
55331,8711,Klim,2023-03-24T22:28:38.837Z,2023-03-24T22:28:38.837Z,6,9.09558193,57.03106406,9.23436422,57.1415613,9.18631608,57.11621318
55332,8712,Vester Torup,2023-03-24T22:28:38.837Z,2023-03-24T22:28:38.837Z,5,9.09086462,57.04289737,9.15383548,57.14334237,9.11982354,57.08400498
55333,8713,Vust,2023-03-24T22:28:38.837Z,2023-03-24T22:28:38.837Z,4,9.02988537,57.03161356,9.13409873,57.1586428,9.06791268,57.13180299
55327,8714,Tømmerby,2023-03-24T22:28:38.837Z,2023-03-24T22:28:38.837Z,4,8.91816028,57.04531626,9.06170604,57.10417704,9.02112619,57.07035862
21894,8715,Lild,2023-03-24T22:28:38.837Z,2023-03-24T22:28:38.837Z,5,8.91287122,57.09090893,9.05294545,57.15905123,8.98350424,57.12739887
55089,8716,Kettrup,2023-03-24T22:28:38.837Z,2023-03-24T22:28:38.837Z,3,9.22148221,57.02802082,9.320431,57.08724236,9.27108574,57.06009813
55087,8717,Gøttrup,2023-03-24T22:28:38.837Z,2023-03-24T22:28:38.837Z,3,9.14858751,57.0182135,9.25582575,57.08551091,9.20082675,57.0480777
55330,8718,Øsløs,2023-03-24T22:28:38.837Z,2023-03-24T22:28:38.837Z,4,8.96482174,57.00653659,9.09599768,57.05431797,9.0489831,57.03127209
55329,8719,Vesløs,2023-03-24T22:28:38.837Z,2023-03-24T22:28:38.837Z,3,8.89701422,57.0083098,9.00645451,57.06441398,8.94820946,57.02742937
18322,8720,Arup,2023-03-24T22:28:38.837Z,2023-03-24T22:28:38.837Z,4,8.88584887,56.97350456,8.96823327,57.01825703,8.90385274,56.99662498
19372,8721,Thisted,2023-03-24T22:28:38.837Z,2023-03-24T22:28:38.837Z,10,8.63131914,56.94526554,8.76261779,56.97870239,8.70960242,56.96415755
19373,8722,Tilsted,2023-03-24T22:28:38.837Z,2023-03-24T22:28:38.837Z,8,8.6174041,56.91696857,8.66778643,56.96453748,8.63467507,56.95202636
19371,8723,Skinnerup,2024-01-26T22:04:04.599Z,2024-01-26T22:04:04.599Z,5,8.64554423,56.97238437,8.69963675,57.00522993,8.67605936,56.98780154
19370,8724,Sjørring,2023-03-24T22:28:38.837Z,2023-03-24T22:28:38.837Z,7,8.53707999,56.91846363,8.64161553,56.99287431,8.5885404,56.94975105
19376,8725,Thorsted,2023-03-24T22:28:38.837Z,2023-03-24T22:28:38.837Z,4,8.57330401,56.96191494,8.65539499,56.98946089,8.60366167,56.97557448
18930,8726,Skjoldborg,2023-03-24T22:28:38.837Z,2023-03-24T22:28:38.837Z,3,8.57403641,56.88319481,8.64847794,56.93458724,8.61380501,56.90751803
19378,8727,Kallerup,2023-03-24T22:28:38.837Z,2023-03-24T22:28:38.837Z,3,8.52657483,56.9047908,8.5927567,56.93397715,8.57430969,56.91773878
21438,8728,Hundborg,2023-03-24T22:28:38.837Z,2023-03-24T22:28:38.837Z,6,8.39833869,56.89469839,8.55436948,56.95483251,8.49015467,56.91896767
21439,8729,Jannerup,2023-03-24T22:28:38.837Z,2023-03-24T22:28:38.837Z,3,8.3751079,56.92998387,8.52271861,56.96471734,8.43226567,56.94426817
21455,8730,Vang,2023-03-24T22:28:38.837Z,2023-03-24T22:28:38.837Z,3,8.38062172,56.94603712,8.56473575,57.02964851,8.48150218,56.98746218
22089,8731,Ræhr,2023-03-24T22:28:38.837Z,2023-03-24T22:28:38.837Z,5,8.60653601,57.06937144,8.78937635,57.12251119,8.66032336,57.09275771
22291,8732,Hansted,2023-03-24T22:28:38.837Z,2023-03-24T22:28:38.837Z,5,8.55033537,57.07459034,8.63994716,57.12916658,8.59502487,57.09163122
22292,8733,Vigsø,2023-03-24T22:28:38.837Z,2023-03-24T22:28:38.837Z,6,8.68918702,57.06135817,8.82396789,57.10862058,8.72640242,57.08904496
22296,8734,Nors,2023-03-24T22:28:38.837Z,2023-03-24T22:28:38.837Z,4,8.54876954,56.99478426,8.69823885,57.07794909,8.60627409,57.05640963
22091,8735,Tved,2023-03-24T22:28:38.837Z,2023-03-24T22:28:38.837Z,5,8.61824861,57.01198948,8.77445056,57.07752118,8.69730877,57.05048822
19374,8736,Vester Vandet,2023-03-24T22:28:38.837Z,2023-03-24T22:28:38.837Z,4,8.53511992,56.98828312,8.64914466,57.0461039,8.5804081,57.02216786
19375,8737,Øster Vandet,2024-01-26T22:04:04.599Z,2024-01-26T22:04:04.599Z,5,8.53619151,56.97816951,8.65805808,57.03332756,8.62872317,56.99542799
4065,8738,Skovlund,2023-03-24T22:28:38.837Z,2023-03-24T22:28:38.837Z,3,8.67088498,55.71405968,8.78976043,55.77657416,8.72003232,55.74424407
15408,8739,Husby,2023-03-24T22:28:38.837Z,2023-03-24T22:28:38.837Z,5,8.11694125,56.1717414,8.21945201,56.29702657,8.15820692,56.27422015
15911,8740,Sønder Nissum,2023-03-24T22:28:38.837Z,2023-03-24T22:28:38.837Z,4,8.11336876,56.28284284,8.25391233,56.38089509,8.1847678,56.30609402
15406,8741,Staby,2023-03-24T22:28:38.837Z,2023-03-24T22:28:38.837Z,3,8.20243945,56.23696986,8.31637561,56.29989068,8.24538203,56.26979789
15407,8742,Ulfborg,2023-03-24T22:28:38.837Z,2023-03-24T22:28:38.837Z,4,8.27727231,56.24331151,8.48114013,56.33830133,8.36896455,56.28428968
14010,8745,Nørre Felding,2024-01-10T22:10:55.667Z,2024-01-10T22:10:55.667Z,7,8.54223934,56.28237088,8.65896053,56.3487739,8.60212459,56.30931286
14073,8746,Tvis,2023-03-24T22:28:38.837Z,2023-03-24T22:28:38.837Z,4,8.64508823,56.2774439,8.81611343,56.35630749,8.72207577,56.31503176
15202,8747,Vinding,2023-03-24T22:28:38.837Z,2023-03-24T22:28:38.837Z,5,8.58628897,56.2063444,8.74021314,56.29893255,8.66044589,56.24844789
13582,8748,Vind,2025-07-10T21:06:41.959Z,2025-07-10T21:06:41.959Z,9,8.43293359,56.2135666,8.60954414,56.30201181,8.53917445,56.27007499
10984,8749,Ringkøbing,2023-03-24T22:28:38.837Z,2023-03-24T22:28:38.837Z,4,8.2274634,56.07194818,8.28022646,56.09896362,8.26993383,56.0795016
10982,8750,Rindum,2023-03-24T22:28:38.837Z,2023-03-24T22:28:38.837Z,3,8.23294888,56.07695759,8.31482186,56.12526628,8.27144719,56.0980748
10985,8751,Velling,2023-03-24T22:28:38.837Z,2023-03-24T22:28:38.837Z,5,8.27119817,56.0098399,8.37220527,56.08751782,8.31903436,56.07069298
11179,8752,Hee,2023-03-24T22:28:38.837Z,2023-03-24T22:28:38.837Z,4,8.18360443,56.12210351,8.3758809,56.18248192,8.32033388,56.15874469
11220,8753,No,2024-09-06T21:09:11.732Z,2024-09-06T21:09:11.732Z,6,8.25418021,56.08052144,8.39095407,56.13893683,8.3133837,56.11507196
10568,8754,Nørre Omme,2023-03-24T22:28:38.837Z,2023-03-24T22:28:38.837Z,3,8.45088885,56.14713116,8.59764695,56.19480263,8.51060869,56.17418406
10493,8755,Brejning,2024-11-08T22:02:16.233Z,2024-11-08T22:02:16.233Z,7,8.43821686,56.07395784,8.55822172,56.15723386,8.48962766,56.11308098
15149,8756,Torsted,2023-03-24T22:28:38.837Z,2023-03-24T22:28:38.837Z,3,8.31941102,56.16756554,8.48534077,56.25442,8.4161065,56.20649887
10566,8757,Hover,2023-03-24T22:28:38.837Z,2023-03-24T22:28:38.837Z,3,8.35598002,56.12728154,8.507592,56.17608979,8.41600787,56.15202821
11278,8758,Stadil,2023-03-24T22:28:38.837Z,2023-03-24T22:28:38.837Z,4,8.1405599,56.14963436,8.27352028,56.22422271,8.19034932,56.17821433
11283,8759,Tim,2023-03-24T22:28:38.837Z,2023-03-24T22:28:38.837Z,3,8.22565964,56.17682268,8.3616454,56.23901913,8.28351399,56.20433486
15405,8760,Madum,2023-03-24T22:28:38.837Z,2023-03-24T22:28:38.837Z,3,8.24716574,56.22693804,8.36006196,56.26020467,8.2807291,56.24399475
11329,8761,Vedersø,2023-03-24T22:28:38.837Z,2023-03-24T22:28:38.837Z,5,8.12932062,56.21298323,8.25118539,56.26309672,8.18519956,56.23861111
11387,8763,Nysogn,2025-01-30T22:03:16.627Z,2025-01-30T22:03:16.627Z,8,8.10407911,56.1017242,8.24520717,56.17328071,8.16481718,56.13145783
11386,8764,Gammelsogn,2025-01-30T22:03:16.627Z,2025-01-30T22:03:16.627Z,8,8.16723286,56.0924148,8.24007644,56.12104017,8.21743061,56.10738101
9664,8765,Skjern,2023-03-24T22:28:38.837Z,2023-03-24T22:28:38.837Z,3,8.42235773,55.91792244,8.60220311,55.98805337,8.49467218,55.95185127
7830,8766,Vorgod,2023-03-24T22:28:38.837Z,2023-03-24T22:28:38.837Z,4,8.63489778,56.04903655,8.78186273,56.14577126,8.71406133,56.10057541
7784,8767,Nørre Vium,2023-03-24T22:28:38.837Z,2023-03-24T22:28:38.837Z,5,8.59118993,56.00379338,8.80311438,56.07251534,8.71201444,56.04009139
7736,8768,Herborg,2023-03-24T22:28:38.837Z,2023-03-24T22:28:38.837Z,5,8.54989602,56.04305064,8.65673414,56.08826304,8.58947584,56.06498198
7829,8769,Videbæk,2023-03-24T22:28:38.837Z,2023-03-24T22:28:38.837Z,5,8.57954277,56.06535304,8.66410898,56.13740436,8.62777647,56.10305643
10720,8770,Sønder Lem,2024-05-27T21:01:23.728Z,2024-05-27T21:01:23.728Z,5,8.33748398,56.03084661,8.48343316,56.08788037,8.42870991,56.06135811
10567,8771,Ølstrup,2024-09-06T21:09:11.732Z,2024-09-06T21:09:11.732Z,6,8.3436287,56.08365347,8.46189801,56.13007376,8.40777301,56.10677261
9663,8772,Dejbjerg,2023-03-24T22:28:38.837Z,2023-03-24T22:28:38.837Z,4,8.36450817,55.9704099,8.49726233,56.0313461,8.42913676,56.00303386
10670,8773,Hanning,2023-03-24T22:28:38.837Z,2023-03-24T22:28:38.837Z,4,8.46569233,55.98497289,8.54071339,56.04467154,8.49268829,56.02177162
9665,8774,Stauning,2023-03-24T22:28:38.837Z,2023-03-24T22:28:38.837Z,5,8.27661898,55.91275396,8.44745791,56.01812419,8.40780057,55.95498053
9662,8775,Bølling,2024-11-11T22:06:14.416Z,2024-11-11T22:06:14.416Z,5,8.51499331,55.95674892,8.57978348,56.00271005,8.54408981,55.97769516
10699,8776,Sædding,2024-11-11T22:06:14.416Z,2024-11-11T22:06:14.416Z,5,8.509685,55.99030275,8.60042027,56.05245499,8.56435719,56.03273387
8942,8777,Sønder Borris,2023-03-24T22:28:38.837Z,2023-03-24T22:28:38.837Z,5,8.56856271,55.88272623,8.75271926,56.0187322,8.6622284,55.94718615
8940,8778,Faster,2024-11-05T22:03:46.545Z,2024-11-05T22:03:46.545Z,4,8.56277487,55.96156193,8.68947223,56.03638701,8.62125677,56.01141395
9987,8779,Sønder Bork,2023-03-24T22:28:38.837Z,2023-03-24T22:28:38.837Z,5,8.17435847,55.79657588,8.35353637,55.89898225,8.22771693,55.84493595
9972,8780,Nørre Bork,2023-03-24T22:28:38.837Z,2023-03-24T22:28:38.837Z,5,8.26493117,55.82283083,8.37404517,55.86503211,8.30750975,55.84340389
9687,8781,Hemmet,2023-03-24T22:28:38.837Z,2023-03-24T22:28:38.837Z,5,8.31252719,55.82640756,8.44578831,55.88386401,8.35843038,55.8577124
9688,8782,Sønder Vium,2023-03-24T22:28:38.837Z,2023-03-24T22:28:38.837Z,3,8.35027058,55.7986704,8.48846521,55.85464234,8.41158007,55.82246078
9571,8783,Lønborg,2023-03-24T22:28:38.837Z,2023-03-24T22:28:38.837Z,7,8.34417543,55.84931391,8.50297153,55.92517811,8.44172473,55.88974325
9684,8784,Egvad,2023-03-24T22:28:38.837Z,2023-03-24T22:28:38.837Z,5,8.44847111,55.84031369,8.57002568,55.90089902,8.52561186,55.85946993
8928,8785,Ådum,2023-03-24T22:28:38.837Z,2023-03-24T22:28:38.837Z,4,8.53451577,55.83471799,8.70221796,55.93434468,8.62532547,55.8746964
8894,8786,Hoven,2023-03-24T22:28:38.837Z,2023-03-24T22:28:38.837Z,4,8.67569101,55.80589209,8.84305617,55.90898845,8.75342999,55.85725782
6052,8787,Strellev,2023-03-24T22:28:38.837Z,2023-03-24T22:28:38.837Z,3,8.50201611,55.76824986,8.57547356,55.82244671,8.54134232,55.79508736
131761,8788,Lyne,2023-03-24T22:28:38.837Z,2023-03-24T22:28:38.837Z,3,8.41377636,55.77286163,8.5469785,55.84692223,8.47146061,55.80128855
7041,8789,Herning,2024-09-30T21:02:55.720Z,2024-09-30T21:02:55.720Z,8,8.95421129,56.12296879,9.00320449,56.16396162,8.98029847,56.1527859
7070,8790,Sankt Johannes,2023-03-24T22:28:38.837Z,2023-03-24T22:28:38.837Z,5,8.92348904,56.11286604,8.96928773,56.14533665,8.94701091,56.13017773
6915,8791,Fredens,2023-03-24T22:28:38.837Z,2023-03-24T22:28:38.837Z,6,8.98259852,56.12333336,9.011868,56.15374404,8.99517094,56.13112373
13411,8792,Aulum,2023-03-24T22:28:38.837Z,2023-03-24T22:28:38.837Z,6,8.71224098,56.22151312,8.87683325,56.32418246,8.79951816,56.26994425
13068,8793,Hodsager,2023-03-24T22:28:38.837Z,2023-03-24T22:28:38.837Z,4,8.76978923,56.27220659,8.94751908,56.3656229,8.87374501,56.31977624
7880,8794,Vildbjerg,2023-03-24T22:28:38.837Z,2023-03-24T22:28:38.837Z,4,8.64384917,56.17591424,8.8276062,56.23263133,8.76198174,56.20417758
7078,8795,Nøvling,2023-03-24T22:28:38.837Z,2023-03-24T22:28:38.837Z,3,8.78397812,56.14537407,8.87837709,56.20228117,8.83517686,56.16860334
42094,8799,Gjellerup,2023-03-24T22:28:38.837Z,2023-03-24T22:28:38.837Z,6,8.98743138,56.07810907,9.11796997,56.1814942,9.05499762,56.14405748
42130,8800,Sunds,2024-01-23T22:04:07.687Z,2024-01-23T22:04:07.687Z,4,8.90448598,56.17474417,9.10679484,56.25400632,9.01617075,56.20778387
46460,8801,Ilskov,2024-01-23T22:04:07.687Z,2024-01-23T22:04:07.687Z,4,9.03237474,56.2086593,9.21437509,56.27619197,9.12477048,56.23951826
41366,8802,Ikast,2023-03-24T22:28:38.837Z,2023-03-24T22:28:38.837Z,3,9.10374079,56.11638975,9.22388534,56.16221704,9.18762084,56.13081592
7291,8803,Rind,2024-01-29T22:05:34.069Z,2024-01-29T22:05:34.069Z,7,8.91111433,56.03809628,9.03685823,56.12452603,8.96100765,56.06431902
7071,8804,Snejbjerg,2024-01-29T22:05:34.069Z,2024-01-29T22:05:34.069Z,8,8.82819706,56.0994116,8.93816738,56.17001549,8.88511245,56.1355423
7074,8805,Tjørring,2024-01-23T22:04:07.687Z,2024-01-23T22:04:07.687Z,6,8.86860129,56.14631085,8.97107057,56.21371967,8.9128889,56.1758029
7313,8806,Studsgård,2023-03-24T22:28:38.837Z,2023-03-24T22:28:38.837Z,4,8.82821277,56.0589356,8.9228288,56.11127468,8.89189968,56.08323547
6917,8807,Havnstrup,2023-03-24T22:28:38.837Z,2023-03-24T22:28:38.837Z,5,8.75962173,56.0968915,8.85107126,56.1490682,8.81072729,56.11929517
9284,8808,Sønder Felding,2023-03-24T22:28:38.837Z,2023-03-24T22:28:38.837Z,4,8.72796092,55.90210766,8.86845754,55.98342528,8.78543178,55.9490827
7442,8809,Assing,2023-03-24T22:28:38.837Z,2023-03-24T22:28:38.837Z,5,8.74461191,55.97411401,8.93876036,56.06824552,8.84892409,56.02610309
8235,8810,Skarrild,2023-03-24T22:28:38.837Z,2023-03-24T22:28:38.837Z,3,8.8266838,55.92690982,9.01276948,56.00412103,8.8894578,55.97940273
7273,8811,Arnborg,2023-03-24T22:28:38.837Z,2023-03-24T22:28:38.837Z,3,8.91220299,55.98282584,9.06981122,56.04368667,8.99744005,56.0175528
41292,8812,Bording,2024-01-23T22:04:07.687Z,2024-01-23T22:04:07.687Z,4,9.148448,56.1098,9.30352523,56.22341496,9.2171029,56.18748388
14001,8813,Holstebro,2023-03-24T22:28:38.837Z,2023-03-24T22:28:38.837Z,6,8.57918968,56.33869972,8.65385831,56.37416311,8.62442534,56.35566537
14007,8814,Måbjerg,2023-04-28T21:12:53.123Z,2023-04-28T21:12:53.123Z,7,8.58069106,56.36205536,8.65993348,56.40583452,8.62563608,56.38729435
14011,8815,Nørrelands,2023-03-24T22:28:38.837Z,2023-03-24T22:28:38.837Z,5,8.58056623,56.36137015,8.62199508,56.3763497,8.60536722,56.36895806
12204,8816,Struer,2023-03-24T22:28:38.837Z,2023-03-24T22:28:38.837Z,6,8.55221941,56.4756513,8.61306946,56.49997051,8.57742336,56.485848
12187,8817,Gimsing,2023-03-24T22:28:38.837Z,2023-03-24T22:28:38.837Z,7,8.56469902,56.44813564,8.64896211,56.48685326,8.62121322,56.46091347
12205,8818,Vejrum,2023-03-24T22:28:38.837Z,2023-03-24T22:28:38.837Z,5,8.54394911,56.4103576,8.62190003,56.46952324,8.58370808,56.44094606
14004,8819,Mejrup,2023-03-24T22:28:38.837Z,2023-03-24T22:28:38.837Z,6,8.64518961,56.33383268,8.78571377,56.40665245,8.69193188,56.37505127
14000,8821,Borbjerg,2023-03-24T22:28:38.837Z,2023-03-24T22:28:38.837Z,4,8.67340464,56.34220466,8.85166762,56.43223007,8.76777354,56.39811377
12213,8822,Ølby,2023-03-24T22:28:38.837Z,2023-03-24T22:28:38.837Z,5,8.50727799,56.4537884,8.57301214,56.49520336,8.54931867,56.46932823
16689,8823,Asp,2023-03-24T22:28:38.837Z,2023-03-24T22:28:38.837Z,4,8.39202277,56.38698393,8.55643354,56.44547962,8.47495485,56.42064679
16719,8824,Fousing,2023-03-24T22:28:38.837Z,2023-03-24T22:28:38.837Z,4,8.45519763,56.43958364,8.55166672,56.48154491,8.50005032,56.45965121
14707,8825,Naur,2023-03-24T22:28:38.837Z,2023-03-24T22:28:38.837Z,5,8.43951956,56.35855111,8.57316227,56.42412968,8.52439929,56.38505951
14072,8826,Sir,2023-04-28T21:12:53.123Z,2023-04-28T21:12:53.123Z,7,8.54630744,56.38605629,8.6277097,56.42399954,8.59736336,56.41168638
15893,8827,Gørding,2023-03-24T22:28:38.837Z,2023-03-24T22:28:38.837Z,3,8.24256101,56.31652554,8.32009562,56.37300996,8.28921406,56.33948076
14827,8828,Vemb,2024-09-06T21:09:11.732Z,2024-09-06T21:09:11.732Z,9,8.31173971,56.3114192,8.42940958,56.38086978,8.35188295,56.35289686
14785,8829,Bur,2024-09-06T21:09:11.732Z,2024-09-06T21:09:11.732Z,5,8.37564302,56.34803273,8.4778532,56.39074927,8.40722695,56.37243991
11809,8832,Sahl,2025-01-31T22:02:07.049Z,2025-01-31T22:02:07.049Z,6,8.77678095,56.44624185,8.86911148,56.51533945,8.83163042,56.49483636
11503,8833,Ejsing,2023-03-24T22:28:38.837Z,2023-03-24T22:28:38.837Z,5,8.72293013,56.46593172,8.86891793,56.56626218,8.80633466,56.53897792
11805,8834,Ryde,2023-03-24T22:28:38.837Z,2023-03-24T22:28:38.837Z,7,8.7352559,56.39870326,8.85945323,56.47007149,8.77116894,56.44392231
12264,8835,Handbjerg,2023-03-24T22:28:38.837Z,2023-03-24T22:28:38.837Z,9,8.69184734,56.42276256,8.74644778,56.48233058,8.72041997,56.43947054
11819,8836,Sevel,2025-01-31T22:02:07.049Z,2025-01-31T22:02:07.049Z,8,8.80936245,56.41567091,8.93293304,56.49961204,8.87009608,56.45277601
13041,8837,Haderup,2024-01-23T22:04:07.687Z,2024-01-23T22:04:07.687Z,6,8.8971213,56.31904371,9.11241702,56.41399742,9.01007714,56.37422805
46601,8838,Grove,2024-01-23T22:04:07.687Z,2024-01-23T22:04:07.687Z,4,8.96346605,56.26722205,9.11895108,56.34589807,9.00733077,56.30385097
13279,8839,Simmelkær,2023-03-24T22:28:38.837Z,2023-03-24T22:28:38.837Z,3,8.9163033,56.23843037,9.04458317,56.28650019,9.00333444,56.26383833
16193,8841,Nørlem,2023-03-24T22:28:38.837Z,2023-03-24T22:28:38.837Z,5,8.30448258,56.53077569,8.37204208,56.57807885,8.34282097,56.56197856
16074,8842,Nørre Nissum,2023-03-24T22:28:38.837Z,2023-03-24T22:28:38.837Z,4,8.36174163,56.53199758,8.46346698,56.57935728,8.40892936,56.55535517
17405,8843,Tørring,2023-03-24T22:28:38.837Z,2023-03-24T22:28:38.837Z,5,8.23143674,56.52825832,8.30782328,56.60073624,8.26432068,56.57526584
17148,8847,Bøvling,2023-03-24T22:28:38.837Z,2023-03-24T22:28:38.837Z,4,8.1151095,56.37933223,8.27186694,56.46445256,8.2048027,56.43428567
17309,8848,Flynder,2023-03-24T22:28:38.837Z,2023-03-24T22:28:38.837Z,3,8.24166238,56.40735354,8.38398288,56.47033129,8.30681596,56.43336519
14724,8849,Møborg,2024-01-10T22:10:55.667Z,2024-01-10T22:10:55.667Z,6,8.25382945,56.35708646,8.43477952,56.46089498,8.32089824,56.39064675
15864,8850,Nees,2023-03-24T22:28:38.837Z,2023-03-24T22:28:38.837Z,3,8.1575361,56.34659689,8.2994492,56.41770259,8.23846471,56.38558723
16152,8851,Gudum,2023-03-24T22:28:38.837Z,2023-03-24T22:28:38.837Z,7,8.39203614,56.42752009,8.52618733,56.55939932,8.45725962,56.51422549
16070,8852,Fabjerg,2023-03-24T22:28:38.837Z,2023-03-24T22:28:38.837Z,3,8.33288789,56.46581449,8.42680497,56.54969811,8.37593099,56.50368697
16747,8853,Resen,2025-01-29T22:02:32.326Z,2025-01-29T22:02:32.326Z,12,8.48179141,56.47716347,8.58077822,56.55075993,8.52523155,56.51063725
12735,8854,Humlum,2025-01-29T22:02:32.326Z,2025-01-29T22:02:32.326Z,12,8.53760362,56.4941932,8.61497293,56.58101764,8.56864106,56.5299308
12736,8855,Venø,2018-04-30T15:23:13.528Z,2016-05-19T20:25:28.738Z,3,8.61171875,56.51455783,8.67295602,56.58308557,8.63695287,56.56789656
21183,8856,Harboøre,2025-07-11T21:05:02.274Z,2025-07-11T21:05:02.274Z,6,8.11701981,56.54394507,8.23641197,56.69515621,8.17708685,56.6187621
17394,8857,Engbjerg,2023-03-24T22:28:38.837Z,2023-03-24T22:28:38.837Z,4,8.15850241,56.56064255,8.20120943,56.59754749,8.18086325,56.57700317
21182,8858,Thyborøn,2023-06-26T21:02:12.794Z,2023-06-26T21:02:12.794Z,6,8.19660506,56.6840334,8.23258723,56.71069396,8.20869691,56.69720144
17400,8859,Hygum,2026-04-01T21:01:43.855Z,2026-04-01T21:01:43.855Z,8,8.184307,56.565954,8.25046129,56.62063966,8.22347663,56.59276357
17409,8860,Hove,2024-01-23T22:04:07.687Z,2024-01-23T22:04:07.687Z,5,8.18354871,56.52394148,8.2464096,56.58273383,8.22277193,56.55696683
17406,8861,Vandborg,2023-03-24T22:28:38.837Z,2023-03-24T22:28:38.837Z,5,8.12781452,56.52866663,8.21527096,56.57289063,8.1617971,56.55039007
17398,8862,Ferring,2023-03-24T22:28:38.837Z,2023-03-24T22:28:38.837Z,6,8.11449644,56.51114879,8.16698681,56.54686559,8.13335309,56.52920233
17397,8863,Dybe,2023-03-24T22:28:38.837Z,2023-03-24T22:28:38.837Z,4,8.14060314,56.48229666,8.21798042,56.53204063,8.17530208,56.51570795
17352,8864,Ramme,2023-03-24T22:28:38.837Z,2023-03-24T22:28:38.837Z,5,8.16361065,56.45530472,8.24573555,56.52685075,8.19590395,56.47507592
17267,8865,Fjaltring,2023-03-24T22:28:38.837Z,2023-03-24T22:28:38.837Z,6,8.12124065,56.44395752,8.17035086,56.49209034,8.14646372,56.47292119
17368,8866,Trans,2023-03-24T22:28:38.837Z,2023-03-24T22:28:38.837Z,6,8.11574813,56.48397031,8.1594272,56.51392726,8.13260815,56.50354706
6071,8867,Thorstrup,2023-03-24T22:28:38.837Z,2023-03-24T22:28:38.837Z,6,8.51014533,55.64148933,8.63514082,55.71226799,8.56510157,55.68709777
6051,8868,Horne,2023-03-24T22:28:38.837Z,2023-03-24T22:28:38.837Z,7,8.46330205,55.69513168,8.59705525,55.78032754,8.53740061,55.7463078
3736,8869,Hodde,2023-03-24T22:28:38.837Z,2023-03-24T22:28:38.837Z,5,8.59182536,55.6727268,8.75813339,55.72952842,8.67547046,55.6954837
4066,8870,Tistrup,2024-11-05T22:03:46.545Z,2024-11-05T22:03:46.545Z,6,8.55669836,55.70194203,8.68771587,55.77005492,8.63178751,55.7276629
8660,8871,Ølgod,2024-11-05T22:03:46.545Z,2024-11-05T22:03:46.545Z,5,8.53224556,55.75824317,8.7592648,55.85041588,8.64634381,55.80455562
3735,8872,Ansager,2023-03-24T22:28:38.837Z,2023-03-24T22:28:38.837Z,4,8.69994811,55.67450866,8.83764565,55.7528324,8.76351096,55.70012931
6072,8873,Varde,2023-03-24T22:28:38.837Z,2023-03-24T22:28:38.837Z,4,8.37557318,55.58334402,8.5528757,55.70424783,8.47575914,55.66614586
6070,8874,Janderup,2023-03-24T22:28:38.837Z,2023-03-24T22:28:38.837Z,3,8.32422904,55.5924447,8.43612065,55.67779068,8.39324257,55.63487527
6378,8875,Billum,2023-03-24T22:28:38.837Z,2023-03-24T22:28:38.837Z,4,8.26989856,55.57828139,8.35990837,55.65503503,8.32218724,55.60300172
6049,8876,Lunde,2023-03-24T22:28:38.837Z,2023-03-24T22:28:38.837Z,3,8.31453942,55.69886993,8.48485411,55.79392662,8.36342274,55.75992748
6621,8877,Outrup,2023-03-24T22:28:38.837Z,2023-03-24T22:28:38.837Z,4,8.29169218,55.67069953,8.44058157,55.75878639,8.36269132,55.71415774
6042,8878,Kvong,2023-03-24T22:28:38.837Z,2023-03-24T22:28:38.837Z,4,8.39239414,55.73025824,8.49906682,55.79610499,8.46907012,55.75744036
6620,8879,Nørre Nebel,2023-03-24T22:28:38.837Z,2023-03-24T22:28:38.837Z,3,8.23814092,55.74668645,8.33685334,55.81209804,8.29693112,55.78210415
6050,8880,Lydum,2023-03-24T22:28:38.837Z,2023-03-24T22:28:38.837Z,3,8.31246793,55.77534016,8.42438347,55.82265754,8.35236228,55.80167819
6619,8881,Henne,2023-03-24T22:28:38.837Z,2023-03-24T22:28:38.837Z,5,8.15875578,55.67552201,8.33314609,55.7801869,8.22694883,55.73777621
9935,8882,Lønne,2023-03-24T22:28:38.837Z,2023-03-24T22:28:38.837Z,4,8.17075939,55.76675037,8.2690444,55.83284939,8.20883086,55.79633861
2011,8886,Ribe Domsogn,2023-03-24T22:28:38.837Z,2023-03-24T22:28:38.837Z,14,8.66363627,55.27875557,8.82335007,55.37088829,8.73407746,55.3218706
1730,8887,Seem,2024-01-10T22:10:55.667Z,2024-01-10T22:10:55.667Z,4,8.78836998,55.26804554,8.92774068,55.32819889,8.8441475,55.29750253
2012,8888,Sankt Katharine,2023-03-24T22:28:38.837Z,2023-03-24T22:28:38.837Z,11,8.75660178,55.29100466,8.85634251,55.35451729,8.80083831,55.33227385
1729,8889,Obbekær,2023-03-24T22:28:38.837Z,2023-03-24T22:28:38.837Z,3,8.810017,55.31072433,8.90959233,55.37184821,8.8733432,55.33525105
4793,8890,Hjortlund,2023-03-24T22:28:38.837Z,2023-03-24T22:28:38.837Z,4,8.74208649,55.36708822,8.85912533,55.41542658,8.79225089,55.38724301
1485,8891,Kalvslund,2023-03-24T22:28:38.837Z,2023-03-24T22:28:38.837Z,3,8.80998489,55.34498236,8.93718517,55.41102639,8.88545586,55.38671819
1913,8892,Vester Vedsted,2023-03-24T22:28:38.837Z,2023-03-24T22:28:38.837Z,4,8.57795962,55.27224411,8.77003014,55.32916285,8.68728286,55.29661292
2010,8893,Farup,2023-03-24T22:28:38.837Z,2023-03-24T22:28:38.837Z,6,8.65043561,55.33457531,8.81063139,55.3822564,8.71763425,55.36049835
2852,8894,Mandø,2018-04-30T15:23:13.528Z,2015-06-18T19:50:06.959Z,2,8.53033183,55.26507698,8.58532665,55.29628553,8.5523428,55.27749189
5022,8895,Gørding,2023-03-24T22:28:38.837Z,2023-03-24T22:28:38.837Z,8,8.7190811,55.43749043,8.88824451,55.51488357,8.80795883,55.47617091
5243,8896,Vejrup,2023-03-24T22:28:38.837Z,2023-03-24T22:28:38.837Z,5,8.71967429,55.50083007,8.85947461,55.55394586,8.78087878,55.52295162
4409,8897,Åstrup,2023-03-24T22:28:38.837Z,2023-03-24T22:28:38.837Z,3,8.76194955,55.51232377,8.92717085,55.59640027,8.83288004,55.55966207
5248,8898,Vester Starup,2023-03-24T22:28:38.837Z,2023-03-24T22:28:38.837Z,3,8.76191884,55.60269829,8.91451403,55.68342505,8.81477615,55.65193335
5001,8899,Darum,2023-03-24T22:28:38.837Z,2023-03-24T22:28:38.837Z,3,8.61165435,55.40191308,8.69741786,55.45596362,8.65848882,55.42913943
5000,8900,Bramming,2023-03-24T22:28:38.837Z,2023-03-24T22:28:38.837Z,3,8.63217678,55.44936511,8.75967329,55.5088904,8.68992091,55.47233833
5027,8901,Vilslev,2023-03-24T22:28:38.837Z,2023-03-24T22:28:38.837Z,4,8.62877118,55.36607067,8.76598101,55.42375391,8.66962965,55.38937467
5023,8902,Hunderup,2023-03-24T22:28:38.837Z,2023-03-24T22:28:38.837Z,3,8.68763195,55.40959188,8.77942702,55.45899948,8.72676827,55.43877642
5026,8903,Jernved,2023-03-24T22:28:38.837Z,2023-03-24T22:28:38.837Z,6,8.73021244,55.39155361,8.8685972,55.45117035,8.80653415,55.4284433
50438,8904,Aalestrup,2023-03-24T22:28:38.837Z,2023-03-24T22:28:38.837Z,5,9.44082195,56.67168425,9.5324728,56.70941998,9.49049165,56.69860832
5517,8905,Vor Frelsers,2024-09-30T21:02:55.720Z,2024-09-30T21:02:55.720Z,4,8.44702256,55.46228672,8.46345211,55.47960608,8.45561602,55.47400617
5518,8906,Zions,2024-09-30T21:02:55.720Z,2024-09-30T21:02:55.720Z,10,8.40705756,55.44693439,8.49460234,55.48575938,8.46854568,55.45559871
5515,8907,Treenigheds,2023-03-24T22:28:38.837Z,2023-03-24T22:28:38.837Z,7,8.40836633,55.47377439,8.46328463,55.49571094,8.44117161,55.48195876
5491,8908,Jerne,2024-11-11T22:06:14.416Z,2024-11-11T22:06:14.416Z,7,8.46093725,55.45115807,8.54741176,55.49579459,8.5167622,55.47702666
5506,8909,Skads,2023-03-24T22:28:38.837Z,2023-03-24T22:28:38.837Z,7,8.49742381,55.48054359,8.63237413,55.53517113,8.57891314,55.51205261
3452,8910,Øse,2023-03-24T22:28:38.837Z,2023-03-24T22:28:38.837Z,3,8.57658915,55.60102838,8.77487725,55.6821425,8.69464921,55.64995692
3451,8911,Næsbjerg,2023-03-24T22:28:38.837Z,2023-03-24T22:28:38.837Z,4,8.52252805,55.59308069,8.68673925,55.65109737,8.60044348,55.62585344
5247,8912,Grimstrup,2023-04-27T21:03:45.930Z,2023-04-27T21:03:45.930Z,5,8.58106579,55.51261592,8.74872528,55.57588176,8.64609055,55.53626132
5244,8913,Vester Nykirke,2023-04-27T21:03:45.930Z,2023-04-27T21:03:45.930Z,6,8.61674059,55.48210687,8.73222524,55.54936099,8.66057567,55.50306351
5246,8914,Fåborg,2023-03-24T22:28:38.837Z,2023-03-24T22:28:38.837Z,4,8.68943502,55.54700686,8.77955233,55.63564726,8.73561052,55.57415138
5249,8915,Årre,2023-03-24T22:28:38.837Z,2023-03-24T22:28:38.837Z,3,8.61970241,55.54816559,8.72246696,55.60949952,8.66117861,55.57199874
5024,8916,Sneum,2023-03-24T22:28:38.837Z,2023-03-24T22:28:38.837Z,5,8.5951571,55.42797221,8.64750171,55.49623306,8.62592902,55.45654642
5534,8917,Tjæreborg,2023-03-24T22:28:38.837Z,2023-03-24T22:28:38.837Z,4,8.53820119,55.43531207,8.62128125,55.49154077,8.57905947,55.46684818
5293,8918,Bryndum,2023-03-24T22:28:38.837Z,2023-03-24T22:28:38.837Z,7,8.44077094,55.49479431,8.52725191,55.58665165,8.48428289,55.53972808
5516,8919,Vester Nebel,2023-03-24T22:28:38.837Z,2023-03-24T22:28:38.837Z,3,8.50100464,55.51874374,8.59888323,55.58750361,8.55163144,55.54813724
5519,8920,Alslev,2023-03-24T22:28:38.837Z,2023-03-24T22:28:38.837Z,4,8.35738731,55.54570773,8.51021239,55.61817601,8.42818473,55.59126498
5422,8921,Hostrup,2023-03-24T22:28:38.837Z,2023-03-24T22:28:38.837Z,3,8.29241679,55.54639457,8.41113836,55.5971646,8.35541174,55.57243692
5297,8922,Guldager,2023-03-24T22:28:38.837Z,2023-03-24T22:28:38.837Z,4,8.38312992,55.50806699,8.4536096,55.55758693,8.41709605,55.53521728
4237,8925,Lindknud,2023-03-24T22:28:38.837Z,2023-03-24T22:28:38.837Z,3,8.95020138,55.53733307,9.09236633,55.60604743,9.03280142,55.58121692
4722,8926,Brørup,2023-03-24T22:28:38.837Z,2023-03-24T22:28:38.837Z,5,8.9413763,55.46785765,9.05367512,55.54351682,8.99976719,55.51523466
4733,8928,Føvling,2023-03-24T22:28:38.837Z,2023-03-24T22:28:38.837Z,5,8.86527979,55.40711435,8.98048251,55.47449219,8.93159841,55.444066
32346,8929,Malt,2023-04-26T21:03:27.089Z,2023-04-26T21:03:27.089Z,7,9.0326161,55.43227935,9.12770997,55.50727082,9.07251622,55.44823379
4723,8930,Folding,2023-03-24T22:28:38.837Z,2023-03-24T22:28:38.837Z,4,8.96535912,55.43740553,9.0516837,55.49433082,9.00926126,55.45882713
32349,8931,Vejen,2023-11-17T22:12:07.743Z,2023-11-17T22:12:07.743Z,7,9.07089367,55.4374339,9.18474411,55.50752542,9.15113986,55.46344375
32795,8932,Læborg,2023-11-17T22:12:07.743Z,2023-11-17T22:12:07.743Z,4,9.03915635,55.49879593,9.15313735,55.5610754,9.08021039,55.52666939
32840,8933,Veerst,2025-01-01T22:02:15.652Z,2025-01-01T22:02:15.652Z,6,9.17982187,55.54923432,9.27977796,55.61893127,9.24339815,55.5715505
32793,8934,Bække,2023-03-24T22:28:38.837Z,2023-03-24T22:28:38.837Z,3,9.0822602,55.53428004,9.21516856,55.61469745,9.15271302,55.58160787
31344,8935,Lejrskov,2023-03-24T22:28:38.837Z,2023-03-24T22:28:38.837Z,3,9.26178144,55.49646639,9.40494404,55.55794834,9.32729412,55.52397389
31314,8936,Jordrup,2023-03-24T22:28:38.837Z,2023-03-24T22:28:38.837Z,4,9.27245008,55.54649767,9.36828788,55.58574922,9.31085666,55.56428601
32344,8937,Andst,2024-01-10T22:10:55.667Z,2024-01-10T22:10:55.667Z,4,9.15174215,55.437241,9.30362402,55.52992796,9.22078242,55.48291376
32794,8938,Gesten,2023-11-17T22:12:07.743Z,2023-11-17T22:12:07.743Z,4,9.13506575,55.48414721,9.27491441,55.56196511,9.20307634,55.53227523
31877,8939,Skanderup,2023-03-24T22:28:38.837Z,2023-03-24T22:28:38.837Z,3,9.2524506,55.44613672,9.40027091,55.50322214,9.32142291,55.47317107
31872,8940,Seest,2023-03-24T22:28:38.837Z,2023-03-24T22:28:38.837Z,3,9.36286089,55.44528351,9.46509129,55.50228213,9.42376868,55.4698278
31879,8941,Hjarup,2023-03-24T22:28:38.837Z,2023-03-24T22:28:38.837Z,3,9.32723463,55.42510308,9.42381829,55.46032748,9.37539465,55.44470774
3206,8942,Grindsted,2023-03-24T22:28:38.837Z,2023-03-24T22:28:38.837Z,4,8.81430402,55.71351243,9.03725637,55.80590913,8.94998155,55.75487988
34776,8943,Grene,2023-03-24T22:28:38.837Z,2023-03-24T22:28:38.837Z,3,8.98840018,55.69293817,9.15835056,55.77460386,9.10707406,55.72777674
34341,8944,Vorbasse,2024-02-05T22:01:25.064Z,2024-02-05T22:01:25.064Z,4,8.9701191,55.59339151,9.18891815,55.66863504,9.08829722,55.62658663
3441,8945,Hejnsvig,2023-03-24T22:28:38.837Z,2023-03-24T22:28:38.837Z,3,8.88092294,55.62332054,9.09056533,55.73251539,9.02028564,55.69089865
27494,8946,Gram,2024-01-10T22:10:55.667Z,2024-01-10T22:10:55.667Z,6,8.88459903,55.23053861,9.11667758,55.33552513,9.05145742,55.27127625
4735,8947,Lintrup,2023-03-24T22:28:38.837Z,2023-03-24T22:28:38.837Z,3,8.90653254,55.37569873,9.04381888,55.44088813,8.97754304,55.40185031
1732,8948,Hjerting,2023-03-24T22:28:38.837Z,2023-03-24T22:28:38.837Z,3,9.00853136,55.3696118,9.08103104,55.41193277,9.04592042,55.39837547
27760,8949,Rødding,2025-05-27T21:03:24.749Z,2025-05-27T21:03:24.749Z,6,9.02453608,55.31077799,9.12838051,55.38954214,9.06960313,55.36091563
32583,8950,Skrave,2023-03-24T22:28:38.837Z,2023-03-24T22:28:38.837Z,3,9.02660615,55.37434408,9.1587199,55.44091311,9.09459866,55.41796174
1733,8951,Sønder Hygum,2023-03-24T22:28:38.837Z,2023-03-24T22:28:38.837Z,3,8.8733883,55.31253566,9.04087994,55.38271832,8.93939218,55.35388846
1632,8952,Fole,2023-03-24T22:28:38.837Z,2023-03-24T22:28:38.837Z,3,8.93975016,55.29562681,9.03596306,55.33808256,8.99254348,55.31622724
27810,8953,Øster Lindet,2025-05-27T21:03:24.749Z,2025-05-27T21:03:24.749Z,4,9.09379185,55.28930782,9.19911453,55.36393122,9.1506926,55.31631424
27499,8954,Nustrup,2023-03-24T22:28:38.837Z,2023-03-24T22:28:38.837Z,3,9.07497604,55.22682295,9.26912191,55.29844904,9.16127929,55.26038513
27500,8955,Skrydstrup,2023-03-24T22:28:38.837Z,2023-03-24T22:28:38.837Z,3,9.18973932,55.21076697,9.31973455,55.26633206,9.24931046,55.23548293
26431,8956,Agerskov,2023-03-24T22:28:38.837Z,2023-03-24T22:28:38.837Z,3,9.02940426,55.08300916,9.24987893,55.17647127,9.17004968,55.12892049
27496,8957,Bevtoft,2023-03-24T22:28:38.837Z,2023-03-24T22:28:38.837Z,5,9.10332147,55.13092821,9.29691308,55.23287986,9.20785822,55.19829969
27498,8958,Tirslund,2023-03-24T22:28:38.837Z,2023-03-24T22:28:38.837Z,5,9.07123246,55.1706947,9.16880413,55.24172054,9.13680716,55.20552929
26450,8959,Branderup,2023-03-24T22:28:38.837Z,2023-03-24T22:28:38.837Z,3,8.99670178,55.10974862,9.10524523,55.17366337,9.06524526,55.12995269
26468,8960,Toftlund,2023-03-24T22:28:38.837Z,2023-03-24T22:28:38.837Z,5,8.97808674,55.16055469,9.1144819,55.24027291,9.05445945,55.19762757
26950,8961,Vor Frue,2024-05-27T21:01:23.728Z,2024-05-27T21:01:23.728Z,7,9.46928172,55.21459934,9.52080217,55.28648351,9.49982313,55.25956817
26948,8962,Gammel Haderslev,2023-03-24T22:28:38.837Z,2023-03-24T22:28:38.837Z,5,9.40237435,55.21958359,9.48634288,55.27772359,9.44666798,55.25230755
24678,8963,Åstrup,2023-03-24T22:28:38.837Z,2023-03-24T22:28:38.837Z,4,9.49748638,55.24905348,9.58666455,55.29852211,9.54336944,55.26480922
24689,8964,Halk,2023-03-24T22:28:38.837Z,2023-03-24T22:28:38.837Z,3,9.57317119,55.17393057,9.69693094,55.23707474,9.63434932,55.20404467
25552,8965,Hoptrup,2024-09-23T21:06:44.109Z,2024-09-23T21:06:44.109Z,5,9.39594591,55.12552703,9.52144898,55.23048947,9.45525142,55.16643664
26951,8966,Moltrup,2023-03-24T22:28:38.837Z,2023-03-24T22:28:38.837Z,3,9.39841426,55.27028855,9.48735216,55.31564238,9.44103865,55.29131423
24955,8967,Bjerning,2024-01-19T22:03:58.050Z,2024-01-19T22:03:58.050Z,4,9.47852104,55.28220893,9.5602273,55.31879397,9.50837854,55.30142583
24612,8968,Øsby,2023-03-24T22:28:38.837Z,2023-03-24T22:28:38.837Z,3,9.58395985,55.21715902,9.77927082,55.29055053,9.66747457,55.24978105
24429,8969,Sønder Starup,2023-03-24T22:28:38.837Z,2023-03-24T22:28:38.837Z,4,9.49148013,55.20882335,9.58865771,55.25074434,9.53505888,55.23076247
24384,8970,Grarup,2023-03-24T22:28:38.837Z,2023-03-24T22:28:38.837Z,3,9.56548586,55.19435446,9.62870451,55.25763939,9.59789371,55.24085824
25511,8971,Vilstrup,2024-09-23T21:06:44.109Z,2024-09-23T21:06:44.109Z,5,9.46610945,55.15124138,9.59003421,55.21739247,9.53564352,55.19340692
24461,8972,Vonsbæk,2023-03-24T22:28:38.837Z,2023-03-24T22:28:38.837Z,4,9.57005225,55.26948261,9.67229715,55.31385156,9.59720242,55.28723572
26954,8973,Hammelev,2023-03-24T22:28:38.837Z,2023-03-24T22:28:38.837Z,3,9.29450093,55.21318379,9.42395331,55.28259825,9.37110621,55.23872422
26990,8974,Maugstrup,2023-03-24T22:28:38.837Z,2023-03-24T22:28:38.837Z,3,9.30651671,55.26731975,9.41556535,55.31617868,9.38197855,55.29895578
27128,8975,Vojens,2023-03-24T22:28:38.837Z,2023-03-24T22:28:38.837Z,3,9.28611545,55.23626555,9.34983001,55.27267521,9.32435376,55.25639486
26985,8976,Jegerup,2023-03-24T22:28:38.837Z,2023-03-24T22:28:38.837Z,3,9.23867596,55.24648214,9.318251,55.30896597,9.28484921,55.27397725
27677,8977,Jels,2023-03-24T22:28:38.837Z,2023-03-24T22:28:38.837Z,3,9.12103001,55.32365957,9.288642,55.40060213,9.19309555,55.36526189
27811,8978,Oksenvad,2023-03-24T22:28:38.837Z,2023-03-24T22:28:38.837Z,4,9.17956532,55.29289967,9.2841141,55.3824857,9.2199382,55.31570737
26928,8979,Sommersted,2023-03-24T22:28:38.837Z,2023-03-24T22:28:38.837Z,4,9.25355343,55.29690525,9.36542089,55.38219177,9.31406191,55.3239363
25820,8980,Vedsted,2023-03-24T22:28:38.837Z,2023-03-24T22:28:38.837Z,3,9.25258662,55.14881736,9.4234855,55.22116125,9.36144002,55.18628948
24954,8981,Aller,2024-01-19T22:03:58.050Z,2024-01-19T22:03:58.050Z,4,9.50861023,55.32899286,9.63757419,55.38023318,9.55249295,55.35751232
24951,8982,Fjelstrup,2024-01-19T22:03:58.050Z,2024-01-19T22:03:58.050Z,5,9.52978709,55.27625796,9.650907,55.35801555,9.56445641,55.32239195
26838,8983,Stepping,2023-03-24T22:28:38.837Z,2023-03-24T22:28:38.837Z,3,9.27942808,55.31137024,9.41575349,55.38390943,9.37155495,55.34650886
26634,8984,Frørup,2023-03-24T22:28:38.837Z,2023-03-24T22:28:38.837Z,3,9.37231263,55.34643432,9.45327171,55.38932217,9.41507955,55.37162267
23982,8985,Tyrstrup,2024-01-19T22:03:58.050Z,2024-01-19T22:03:58.050Z,5,9.43638705,55.30822546,9.55008828,55.38785803,9.49009519,55.33827542
26794,8986,Hjerndrup,2024-01-10T22:10:55.667Z,2024-01-10T22:10:55.667Z,4,9.37950607,55.30904604,9.45456114,55.35025659,9.42180616,55.32730065
27804,8987,Skodborg,2023-03-24T22:28:38.837Z,2023-03-24T22:28:38.837Z,3,9.11917435,55.38188418,9.23163218,55.45122538,9.17000089,55.41647618
22718,8988,Sankt Marie,2023-03-24T22:28:38.837Z,2023-03-24T22:28:38.837Z,5,9.75941682,54.9023939,9.81267467,54.92603489,9.79048493,54.91836983
22716,8989,Christians,2023-03-24T22:28:38.837Z,2023-03-24T22:28:38.837Z,7,9.79103349,54.89319499,9.82745587,54.91960433,9.81038149,54.90525077
22710,8990,Augustenborg,2023-05-01T21:02:49.242Z,2023-05-01T21:02:49.242Z,5,9.83544831,54.9347489,9.89025476,54.95867586,9.86204252,54.94857773
22711,8991,Ketting,2023-05-01T21:02:49.242Z,2023-05-01T21:02:49.242Z,4,9.83230171,54.94344557,9.94802624,54.98201842,9.90439724,54.95783529
22719,8992,Ulkebøl,2023-05-15T21:03:24.475Z,2023-05-15T21:03:24.475Z,8,9.74957011,54.88895369,9.87257867,54.9825912,9.79114432,54.9404449
57059,8993,Notmark,2023-03-24T22:28:38.837Z,2023-03-24T22:28:38.837Z,4,9.8962936,54.96610194,9.99719124,55.01359026,9.95227086,54.98736031
57063,8994,Asserballe,2023-03-24T22:28:38.837Z,2023-03-24T22:28:38.837Z,3,9.9233477,54.94326838,10.02690437,54.98510024,9.98324707,54.95890693
57062,8995,Tandslet,2023-03-24T22:28:38.837Z,2023-03-24T22:28:38.837Z,3,9.94213167,54.8920809,10.04181473,54.95068661,9.97861563,54.92956962
22714,8996,Hørup,2023-05-15T21:03:24.475Z,2023-05-15T21:03:24.475Z,5,9.86510395,54.89325529,9.96193934,54.94920221,9.91407193,54.92662132
57061,8997,Lysabild,2023-03-24T22:28:38.837Z,2023-03-24T22:28:38.837Z,3,9.94808233,54.85485716,10.07310823,54.93525775,10.02433676,54.89345603
22820,8998,Kegnæs,2018-04-30T15:23:13.528Z,2015-06-18T19:50:06.959Z,2,9.867087,54.85217271,9.99395769,54.8971461,9.89734358,54.87783698
25179,8999,Nordborg,2023-03-24T22:28:38.837Z,2023-03-24T22:28:38.837Z,3,9.63855885,55.03423987,9.7813967,55.08448139,9.73028961,55.06069033
25181,9000,Svenstrup,2023-03-24T22:28:38.837Z,2023-03-24T22:28:38.837Z,5,9.77536853,54.99257431,9.86788209,55.0501661,9.83454612,55.02726823
25166,9001,Havnbjerg,2023-03-24T22:28:38.837Z,2023-03-24T22:28:38.837Z,5,9.74713701,55.00611224,9.84141186,55.07663856,9.79851094,55.05202083
25180,9002,Oksbøl,2023-03-24T22:28:38.837Z,2023-03-24T22:28:38.837Z,3,9.6588872,55.00609067,9.78430576,55.04568787,9.73950592,55.02899472
22712,9003,Egen,2023-03-24T22:28:38.837Z,2023-03-24T22:28:38.837Z,4,9.78051896,54.96714309,9.9496684,55.03473789,9.88658658,55.00635469
22836,9004,Broager,2023-03-24T22:28:38.837Z,2023-03-24T22:28:38.837Z,5,9.62370031,54.83460598,9.76250904,54.91639203,9.68729293,54.87471348
22941,9005,Egernsund,2023-03-24T22:28:38.837Z,2023-03-24T22:28:38.837Z,4,9.59830789,54.89398962,9.64470403,54.91488704,9.61914029,54.90627369
22717,9006,Dybbøl,2023-03-24T22:28:38.837Z,2023-03-24T22:28:38.837Z,4,9.70088876,54.89704063,9.7785894,54.94748299,9.73729667,54.91560059
23286,9007,Nybøl,2023-03-24T22:28:38.837Z,2023-03-24T22:28:38.837Z,3,9.62859522,54.90628434,9.72405516,54.94234107,9.69172641,54.92586157
23287,9008,Sottrup,2023-03-24T22:28:38.837Z,2023-03-24T22:28:38.837Z,3,9.66791524,54.93426785,9.75252982,54.99052004,9.71784285,54.95794055
23288,9009,Ullerup,2023-03-24T22:28:38.837Z,2023-03-24T22:28:38.837Z,4,9.59239113,54.938255,9.69616872,55.01041801,9.64952204,54.97943143
26089,9010,Aabenraa,2024-05-27T21:01:23.728Z,2024-05-27T21:01:23.728Z,8,9.36189769,55.0192007,9.46716232,55.07010898,9.39948077,55.03491034
25838,9011,Hjordkær,2024-02-08T22:01:20.857Z,2024-02-08T22:01:20.857Z,7,9.19252611,55.00504136,9.38618309,55.05316308,9.30866299,55.0263292
26087,9012,Løjt,2026-03-13T22:03:41.642Z,2026-03-13T22:03:41.642Z,6,9.39913824,55.04450289,9.57364153,55.13142389,9.48160644,55.08411658
23927,9013,Bjolderup,2024-02-08T22:01:20.857Z,2024-02-08T22:01:20.857Z,5,9.16493624,54.95025161,9.36552936,55.02942691,9.22224845,54.981945
25907,9014,Rise,2024-05-27T21:01:23.728Z,2024-05-27T21:01:23.728Z,8,9.26202501,55.03498993,9.42137984,55.10365711,9.33003404,55.06219409
25799,9015,Øster Løgum,2023-03-24T22:28:38.837Z,2023-03-24T22:28:38.837Z,3,9.2566946,55.08558156,9.42319306,55.16810053,9.33377747,55.12912462
2566,9016,Bedsted,2023-03-24T22:28:38.837Z,2023-03-24T22:28:38.837Z,3,9.0174136,55.03285749,9.14130927,55.09278526,9.06305621,55.06506388
26255,9017,Hellevad,2023-03-24T22:28:38.837Z,2023-03-24T22:28:38.837Z,3,9.11229046,55.03744591,9.24099601,55.10815808,9.18800219,55.06993065
26257,9018,Egvad,2023-03-24T22:28:38.837Z,2023-03-24T22:28:38.837Z,5,9.21825203,55.04792762,9.31580323,55.1394439,9.25978339,55.10014692
25258,9021,Varnæs,2023-03-24T22:28:38.837Z,2023-03-24T22:28:38.837Z,3,9.54382637,54.9719454,9.63227854,55.04451866,9.59696874,55.00565372
26086,9022,Ensted,2024-02-05T22:01:25.064Z,2024-02-05T22:01:25.064Z,4,9.34819337,54.96372121,9.49238238,55.0257498,9.42738298,54.99696251
23298,9023,Felsted,2023-04-28T21:12:53.123Z,2023-04-28T21:12:53.123Z,4,9.45381506,54.94040468,9.5970356,55.03203889,9.52369574,54.9854296
23349,9024,Holbøl,2023-03-24T22:28:38.837Z,2023-03-24T22:28:38.837Z,4,9.34616167,54.85528017,9.53617264,54.92570335,9.46776579,54.8845502
23284,9025,Rinkenæs,2023-03-24T22:28:38.837Z,2023-03-24T22:28:38.837Z,4,9.50951931,54.87598261,9.59965539,54.92911728,9.54955479,54.90786007
23543,9026,Uge,2024-02-05T22:01:25.064Z,2024-02-05T22:01:25.064Z,4,9.22944028,54.92936828,9.36995105,54.99725218,9.28641744,54.95818034
23559,9027,Kliplev,2023-03-24T22:28:38.837Z,2023-03-24T22:28:38.837Z,6,9.27278978,54.90746698,9.49635048,54.97360888,9.39483567,54.94624307
23283,9028,Kværs,2023-04-28T21:12:53.123Z,2023-04-28T21:12:53.123Z,6,9.45621644,54.90329879,9.5672516,54.96302552,9.50289633,54.92544486
23580,9029,Bov,2026-03-27T22:17:36.249Z,2026-03-27T22:17:36.249Z,7,9.23507332,54.79973891,9.49045633,54.89858248,9.31196374,54.84737397
1911,9030,Hviding,2023-03-24T22:28:38.837Z,2023-03-24T22:28:38.837Z,4,8.64333385,55.23819333,8.78881626,55.28030566,8.69349492,55.26055237
1996,9031,Rejsby,2023-03-24T22:28:38.837Z,2023-03-24T22:28:38.837Z,3,8.65551451,55.21329027,8.78665647,55.24484033,8.72700878,55.22975228
1995,9032,Brøns,2023-03-24T22:28:38.837Z,2023-03-24T22:28:38.837Z,3,8.65703682,55.15703103,8.78867003,55.22552969,8.72123416,55.18900875
1888,9033,Vodder,2023-03-24T22:28:38.837Z,2023-03-24T22:28:38.837Z,3,8.77219398,55.17637191,8.93730211,55.23926549,8.89459201,55.20552626
1912,9034,Roager,2023-03-24T22:28:38.837Z,2023-03-24T22:28:38.837Z,5,8.76309936,55.22480133,8.87993479,55.28138044,8.81992104,55.25011046
1885,9035,Spandet,2023-03-24T22:28:38.837Z,2023-03-24T22:28:38.837Z,4,8.84942501,55.22061174,8.93899786,55.28072326,8.89655057,55.25815096
2418,9036,Arrild,2023-03-24T22:28:38.837Z,2023-03-24T22:28:38.837Z,5,8.8798443,55.11431033,9.04208758,55.21269085,8.94897805,55.16296844
1886,9037,Højrup,2023-03-24T22:28:38.837Z,2023-03-24T22:28:38.837Z,5,8.93275155,55.19174963,9.03045278,55.28062871,8.97050383,55.2334175
2801,9038,Skærbæk,2023-03-24T22:28:38.837Z,2023-03-24T22:28:38.837Z,3,8.62953878,55.12878832,8.89522971,55.19750579,8.7976361,55.16272039
1240,9040,Ubjerg,2023-03-24T22:28:38.837Z,2023-03-24T22:28:38.837Z,4,8.82661614,54.89667235,8.9655319,54.92266429,8.86422951,54.91078109
1073,9041,Abild,2023-04-11T11:16:08.113Z,2023-04-11T11:16:08.113Z,5,8.80775834,54.95785109,8.96339459,55.0375061,8.87315922,54.99215393
2700,9042,Visby,2023-04-11T11:16:08.113Z,2023-04-11T11:16:08.113Z,4,8.74008217,54.98925876,8.824763,55.03724546,8.78568791,55.00961554
1389,9043,Daler,2023-03-24T22:28:38.837Z,2023-03-24T22:28:38.837Z,5,8.71614441,54.95198082,8.82736749,54.99750627,8.76193577,54.97176661
1386,9044,Møgeltønder,2023-03-24T22:28:38.837Z,2023-03-24T22:28:38.837Z,6,8.7414843,54.89541477,8.83974839,54.98040033,8.7979657,54.93761753
2568,9045,Løgumkloster,2023-03-24T22:28:38.837Z,2023-03-24T22:28:38.837Z,3,8.86513862,55.00253573,9.02336398,55.07769143,8.94422995,55.03846657
2284,9046,Nørre Løgum,2023-03-24T22:28:38.837Z,2023-03-24T22:28:38.837Z,4,8.86706736,55.06273563,9.0519376,55.13557193,8.95440198,55.09980445
2592,9047,Brede,2023-03-24T22:28:38.837Z,2023-03-24T22:28:38.837Z,3,8.73023973,55.02791654,8.8747878,55.10512658,8.79978579,55.06421732
2799,9048,Døstrup,2023-03-24T22:28:38.837Z,2023-03-24T22:28:38.837Z,4,8.75806133,55.08069579,8.90857514,55.14596596,8.840857,55.1141781
2800,9049,Mjolden,2023-03-24T22:28:38.837Z,2023-03-24T22:28:38.837Z,3,8.69324741,55.09998076,8.78784011,55.13995041,8.74551515,55.12316491
2627,9050,Randerup,2023-03-24T22:28:38.837Z,2023-03-24T22:28:38.837Z,3,8.704938,55.06279004,8.76206614,55.1079592,8.72947885,55.08667035
1392,9051,Højer,2023-03-24T22:28:38.837Z,2023-03-24T22:28:38.837Z,4,8.632865,54.89229134,8.77703593,54.98821308,8.69414213,54.93679805
1390,9052,Emmerlev,2023-03-24T22:28:38.837Z,2023-03-24T22:28:38.837Z,3,8.64870372,54.96289883,8.75396594,55.04218458,8.69941009,54.99087377
1391,9053,Hjerpsted,2023-03-24T22:28:38.837Z,2023-03-24T22:28:38.837Z,3,8.63161161,55.0029832,8.69336063,55.0462236,8.66261716,55.02435206
2712,9054,Ballum,2023-03-24T22:28:38.837Z,2023-03-24T22:28:38.837Z,3,8.62937066,55.0358568,8.72506012,55.15365046,8.67653329,55.08336502
2628,9055,Sønder Skast,2023-03-24T22:28:38.837Z,2023-03-24T22:28:38.837Z,3,8.67711403,55.03745727,8.73764431,55.07648424,8.70561299,55.05510775
23928,9056,Burkal,2026-03-27T22:17:36.249Z,2026-03-27T22:17:36.249Z,8,9.00494459,54.86351386,9.18526158,54.96927488,9.07706526,54.89633018
23929,9057,Bylderup,2023-03-24T22:28:38.837Z,2023-03-24T22:28:38.837Z,3,9.05963228,54.91317657,9.18612549,54.99471361,9.12467941,54.95633623
2567,9058,Højst,2023-03-24T22:28:38.837Z,2023-03-24T22:28:38.837Z,3,8.95634117,54.96683798,9.09400252,55.05211453,9.03068268,54.99580786
1238,9059,Hostrup,2026-03-25T22:26:27.701Z,2026-03-25T22:26:27.701Z,6,8.88446782,54.88145443,9.04109761,54.98063429,8.97018208,54.94188156
26126,9060,Ravsted,2023-03-24T22:28:38.837Z,2023-03-24T22:28:38.837Z,3,9.06964898,54.97646803,9.22163047,55.05737483,9.13945507,55.02117475
23930,9061,Tinglev,2026-03-27T22:17:36.249Z,2026-03-27T22:17:36.249Z,8,9.15950108,54.84965673,9.35024456,54.96184646,9.22788418,54.9007864
1422,9062,Rømø,2023-03-24T22:28:38.837Z,2023-03-24T22:28:38.837Z,3,8.46092665,55.05758965,8.6315516,55.21213884,8.51259473,55.11525349
83695,9063,Lendum,2024-01-19T22:03:58.050Z,2024-01-19T22:03:58.050Z,7,10.23781552,57.37496144,10.3924529,57.42936681,10.28929182,57.39923505
50776,9065,Stenild,2025-01-29T22:02:32.326Z,2025-01-29T22:02:32.326Z,5,9.61053834,56.65112559,9.71937782,56.69687139,9.66858658,56.67526421
98043,9066,Nyvang,2023-03-24T22:28:38.837Z,2023-03-24T22:28:38.837Z,13,11.08897542,55.66054601,11.14389754,55.69198583,11.11516862,55.67045742
31880,9067,Vamdrup,2024-01-10T22:10:55.667Z,2024-01-10T22:10:55.667Z,4,9.21481913,55.38689078,9.35502792,55.46181161,9.27216486,55.42197769
106750,9068,Søborgmagle,2023-03-24T22:28:38.837Z,2023-03-24T22:28:38.837Z,4,12.49921897,55.7193856,12.5216896,55.73076129,12.50811764,55.72546197
93533,9070,Halsskov,2023-03-24T22:28:38.837Z,2023-03-24T22:28:38.837Z,4,11.0916641,55.33099521,11.16631216,55.37072504,11.13390467,55.34981556
106745,9071,Haralds,2023-03-24T22:28:38.837Z,2023-03-24T22:28:38.837Z,7,12.48046291,55.72093417,12.50162334,55.73626008,12.493177,55.72978104
106742,9072,Buddinge,2023-03-24T22:28:38.837Z,2023-03-24T22:28:38.837Z,4,12.47844062,55.73947642,12.51390813,55.75701806,12.49628266,55.74496328
5296,9073,Grundtvigs,2024-11-11T22:06:14.416Z,2024-11-11T22:06:14.416Z,4,8.45526707,55.45648968,8.49515947,55.47716607,8.47340167,55.46828363
106754,9074,Lindehøj,2023-03-24T22:28:38.837Z,2023-03-24T22:28:38.837Z,3,12.39100329,55.72460484,12.4500186,55.75989596,12.42042273,55.74318628
65313,9075,Aarup,2024-11-11T22:06:14.416Z,2024-11-11T22:06:14.416Z,5,10.02463403,55.36614688,10.08846965,55.39387836,10.04347963,55.37923583
48354,9076,Skalborg,2023-07-06T21:01:47.079Z,2023-07-06T21:01:47.079Z,6,9.85105986,56.99514364,9.90938037,57.02596136,9.87785031,57.01402546
38381,9077,Sønderbro,2023-03-24T22:28:38.837Z,2023-03-24T22:28:38.837Z,13,9.78911055,55.84730024,9.87880298,55.87233182,9.82946864,55.86015245
77768,9078,Sankt Andreas,2023-07-07T21:07:30.810Z,2023-07-07T21:07:30.810Z,5,10.01979625,56.47275101,10.0604599,56.51371116,10.03990685,56.48668796
47110,9079,Vestervang,2023-03-24T22:28:38.837Z,2023-03-24T22:28:38.837Z,6,9.33019279,56.45417117,9.43042003,56.49735664,9.38354268,56.47383227
113933,9080,Rungsted,2023-03-24T22:28:38.837Z,2023-03-24T22:28:38.837Z,8,12.50694069,55.85180353,12.5657093,55.90121513,12.52884849,55.88890543
117450,9081,Korsvejens,2023-03-24T22:28:38.837Z,2023-03-24T22:28:38.837Z,3,12.60727723,55.6264185,12.63827571,55.64196707,12.62147645,55.63455878
89646,9082,Rødbyhavn,2023-03-24T22:28:38.837Z,2023-03-24T22:28:38.837Z,5,11.30201361,54.63155243,11.41552077,54.68909211,11.37571557,54.65582171
107625,9083,Hedehusene,2023-03-24T22:28:38.837Z,2023-03-24T22:28:38.837Z,5,12.18376895,55.63450349,12.24233067,55.66814465,12.21639398,55.65211801
107084,9084,Brøndby Strand,2023-03-24T22:28:38.837Z,2023-03-24T22:28:38.837Z,3,12.39057404,55.60653453,12.4488531,55.63410398,12.42290969,55.62194787
48133,9085,Egeris,2023-08-21T21:01:57.382Z,2023-08-21T21:01:57.382Z,5,8.98165384,56.51562629,9.06579842,56.56570606,9.01688349,56.5386159
29880,9087,Hannerup,2024-11-11T22:06:14.416Z,2024-11-11T22:06:14.416Z,10,9.67326985,55.55145831,9.74110903,55.58844257,9.71132435,55.56334533
71194,9088,Ellevang,2025-05-27T21:03:24.749Z,2025-05-27T21:03:24.749Z,4,10.20190782,56.19164539,10.2566216,56.21854451,10.22691218,56.20642161
108398,9089,Pederstrup,2024-11-05T22:03:46.545Z,2024-11-05T22:03:46.545Z,7,12.31849894,55.70269445,12.37406833,55.74109041,12.33894215,55.72347251
71196,9090,Helligånds,2023-04-20T21:02:32.537Z,2023-04-20T21:02:32.537Z,8,10.13086654,56.17016492,10.18773712,56.19058982,10.16797921,56.17814615
6918,9091,Hedeager,2024-09-30T21:02:55.720Z,2024-09-30T21:02:55.720Z,8,8.92614827,56.13936496,8.9689327,56.15643989,8.95896426,56.14948685
29553,9092,Nørremarks,2023-03-24T22:28:38.837Z,2023-03-24T22:28:38.837Z,4,9.53430418,55.71237314,9.59035056,55.73518357,9.55224723,55.72397585
59570,9093,Vollsmose,2023-03-24T22:28:38.837Z,2023-03-24T22:28:38.837Z,5,10.41977985,55.39656254,10.46021284,55.42209655,10.43710018,55.40816614
107708,9094,Rønnevang,2023-03-24T22:28:38.837Z,2023-03-24T22:28:38.837Z,5,12.28083166,55.63332976,12.30919268,55.64728154,12.29079698,55.64106643
51224,9095,Svingelbjerg,2023-03-24T22:28:38.837Z,2023-03-24T22:28:38.837Z,5,9.31423707,56.72509272,9.40903119,56.7609253,9.3511236,56.74376843
70826,9096,Ravnsbjerg,2023-03-24T22:28:38.837Z,2023-03-24T22:28:38.837Z,8,10.1121504,56.10803874,10.16155725,56.1286841,10.13432517,56.11789867
73003,9097,Gellerup,2025-01-28T22:02:44.467Z,2025-01-28T22:02:44.467Z,9,10.11708437,56.14029649,10.14808294,56.17156296,10.13470239,56.15648166
112230,9098,Sthens,2024-10-22T21:04:04.354Z,2024-10-22T21:04:04.354Z,6,12.54635181,56.00498285,12.6029737,56.02985038,12.57715113,56.01603
5493,9099,Kvaglund,2023-03-24T22:28:38.837Z,2023-03-24T22:28:38.837Z,6,8.45986894,55.48654696,8.50314603,55.50188901,8.48863081,55.49429421
29356,9100,Bredballe,2023-03-24T22:28:38.837Z,2023-03-24T22:28:38.837Z,8,9.57810223,55.70470509,9.62832567,55.7382365,9.60441029,55.71985584
85473,9101,Bistrup,2023-03-24T22:28:38.837Z,2023-03-24T22:28:38.837Z,4,9.963843,57.41264935,10.07817803,57.45642017,10.02395933,57.43539675
44270,9102,Ulstrupbro,2023-07-07T21:07:30.810Z,2023-07-07T21:07:30.810Z,5,9.73068075,56.36863017,9.8183983,56.39680814,9.78668851,56.38703251
112226,9103,Mørdrup,2024-02-05T22:01:25.064Z,2024-02-05T22:01:25.064Z,5,12.50153526,55.97439022,12.57395938,56.01443809,12.5310142,55.99529898
35730,9104,Ry,2023-03-24T22:28:38.837Z,2023-03-24T22:28:38.837Z,5,9.74200722,56.06961822,9.80015496,56.10273993,9.7774735,56.0884315
108604,9105,Karlslunde Strandsogn,2023-03-24T22:28:38.837Z,2023-03-24T22:28:38.837Z,4,12.22829649,55.55225127,12.28913456,55.57806847,12.25856602,55.56627644
5510,9106,Sædding,2023-03-24T22:28:38.837Z,2023-03-24T22:28:38.837Z,4,8.37846887,55.48807526,8.4340259,55.51728467,8.40744026,55.50318693
48352,9107,Godthåb,2025-01-08T22:02:35.115Z,2025-01-08T22:02:35.115Z,7,9.76689247,56.94223074,9.83771377,56.99379217,9.80562186,56.96868898
108647,9108,Mosede,2023-03-24T22:28:38.837Z,2023-03-24T22:28:38.837Z,4,12.25312874,55.56860454,12.29703544,55.59032904,12.27324338,55.5798349
101373,9109,Stensby,2023-03-24T22:28:38.837Z,2023-03-24T22:28:38.837Z,8,11.99197387,54.94636828,12.10796209,55.01159462,12.03850224,54.97913302
80701,9110,Margrethe,2023-07-06T21:01:47.079Z,2023-07-06T21:01:47.079Z,6,9.88926608,57.00851096,9.91934446,57.03409784,9.90634107,57.01795952
105936,9111,Sankt Jørgens,2023-03-24T22:28:38.837Z,2023-03-24T22:28:38.837Z,5,11.75228418,55.20358843,11.78462335,55.21912729,11.76893132,55.21012234
68744,9112,Juelsminde,2023-03-24T22:28:38.837Z,2023-03-24T22:28:38.837Z,4,9.98484715,55.69649191,10.03091472,55.73018436,10.00342762,55.70924563
116215,9113,Islebjerg,2023-03-24T22:28:38.837Z,2023-03-24T22:28:38.837Z,3,12.04187091,55.84239397,12.10431426,55.86077912,12.05796624,55.85166605
3442,9114,Stenderup,2023-03-24T22:28:38.837Z,2023-03-24T22:28:38.837Z,4,8.79768609,55.66038321,8.90175497,55.72687186,8.84693429,55.69471868
107087,9115,Nygårds,2023-03-24T22:28:38.837Z,2023-03-24T22:28:38.837Z,5,12.41236021,55.6527768,12.44907615,55.67233173,12.42500594,55.66359678
30729,9116,Simon Peters,2023-03-24T22:28:38.837Z,2023-03-24T22:28:38.837Z,9,9.44405743,55.49532036,9.48965771,55.51990631,9.46673547,55.50695422
108450,9117,Boholte,2023-03-24T22:28:38.837Z,2023-03-24T22:28:38.837Z,3,12.14086848,55.43642945,12.17488241,55.45711541,12.16277616,55.44828603
62712,9118,Broholm,2024-01-23T22:04:07.687Z,2024-01-23T22:04:07.687Z,7,10.15008265,55.32892043,10.22622184,55.36793828,10.17387723,55.35085886
41888,9119,Kølkær,2023-03-24T22:28:38.837Z,2023-03-24T22:28:38.837Z,4,9.02721559,56.0230564,9.18806816,56.09666923,9.09738685,56.05563271
41906,9120,Kollund,2023-03-24T22:28:38.837Z,2023-03-24T22:28:38.837Z,4,8.98471815,56.06349704,9.06667513,56.12083407,9.02912324,56.08777198
5295,9121,Gjesing,2023-03-24T22:28:38.837Z,2023-03-24T22:28:38.837Z,3,8.42418126,55.48830385,8.46005012,55.52731116,8.44297061,55.50712719
9641,9122,Tarm,2023-03-24T22:28:38.837Z,2023-03-24T22:28:38.837Z,4,8.48228752,55.89010938,8.58617953,55.9309422,8.52326643,55.91428113
41897,9123,Isenvad,2024-01-23T22:04:07.687Z,2024-01-23T22:04:07.687Z,4,9.11942565,56.0566402,9.31929693,56.12490874,9.19782821,56.08900622
8943,9124,Troldhede,2023-03-24T22:28:38.837Z,2023-03-24T22:28:38.837Z,5,8.70492099,55.96159267,8.76333356,56.02493754,8.7374958,55.98953181
8441,9125,Ilderhede,2023-03-24T22:28:38.837Z,2023-03-24T22:28:38.837Z,3,8.77316023,55.8794499,8.88457878,55.92691442,8.843115,55.90204125
47547,9126,Søndermark,2023-03-24T22:28:38.837Z,2023-03-24T22:28:38.837Z,10,9.32133319,56.39789245,9.4302956,56.44508441,9.36451435,56.42721455
22325,9127,Klitmøller,2023-03-24T22:28:38.837Z,2023-03-24T22:28:38.837Z,4,8.45834614,57.01656977,8.5798613,57.0813859,8.51362988,57.03516394
21456,9129,Vorupør,2023-03-24T22:28:38.837Z,2023-03-24T22:28:38.837Z,4,8.34189758,56.92101526,8.424794,56.96283184,8.37171117,56.94341409
14084,9130,Mejdal-Halgård,2024-10-03T21:03:01.341Z,2024-10-03T21:03:01.341Z,7,8.61364639,56.31544201,8.69130015,56.35302033,8.66220956,56.34077235
59023,9131,Hjallese,2024-09-16T21:03:44.637Z,2024-09-16T21:03:44.637Z,8,10.36296335,55.34325977,10.43568033,55.37223916,10.39642873,55.35868497
37002,9132,Virklund,2023-03-24T22:28:38.837Z,2023-03-24T22:28:38.837Z,5,9.49333967,56.11621918,9.60973138,56.15530896,9.56555265,56.13537967
107053,9133,Tingbjerg,2023-03-24T22:28:38.837Z,2023-03-24T22:28:38.837Z,4,12.47015602,55.71513208,12.49791156,55.72514787,12.48549675,55.72051116
107754,9134,Opstandelseskirkens,2023-10-10T21:12:01.972Z,2023-10-10T21:12:01.972Z,6,12.32053512,55.64109031,12.3750185,55.6651868,12.34140196,55.6548509
72987,9135,Skjoldhøj,2024-01-26T22:04:04.599Z,2024-01-26T22:04:04.599Z,7,10.0685908,56.16305904,10.14438076,56.18998991,10.08885764,56.1761157
82984,9136,Vodskov,2024-05-28T21:01:26.357Z,2024-05-28T21:01:26.357Z,12,9.97783643,57.07064642,10.0701238,57.13750234,10.02060874,57.10707849
32345,9137,Askov,2023-04-26T21:03:27.089Z,2023-04-26T21:03:27.089Z,6,9.08387759,55.44428317,9.13159781,55.48286068,9.09919017,55.46689522
5768,9138,Hjerting,2023-03-24T22:28:38.837Z,2023-03-24T22:28:38.837Z,4,8.31676196,55.50779184,8.3978108,55.56106858,8.36434148,55.5375064
60024,9139,Fredens,2023-03-24T22:28:38.837Z,2023-03-24T22:28:38.837Z,6,10.61720362,55.0544794,10.67725268,55.07930239,10.6485136,55.06715261
108444,9140,Skelgård,2026-03-16T22:12:36.373Z,2026-03-16T22:12:36.373Z,6,12.50576811,55.5705093,12.6134399,55.62612747,12.5512892,55.59508026
7090,9141,Gullestrup,2023-09-28T21:23:06.812Z,2023-09-28T21:23:06.812Z,5,8.93811925,56.1578197,9.00292878,56.18882387,8.96578983,56.1743197
63097,9142,Dyrup,2023-03-24T22:28:38.837Z,2023-03-24T22:28:38.837Z,5,10.2831841,55.33696595,10.36479271,55.37285867,10.33743159,55.35274927
37003,9143,Sejs-Svejbæk,2023-03-24T22:28:38.837Z,2023-03-24T22:28:38.837Z,4,9.56708306,56.12164739,9.65814411,56.15637703,9.62103673,56.13949717
96499,9144,Nørrevang,2023-05-01T21:02:49.242Z,2023-05-01T21:02:49.242Z,4,11.31636134,55.40680885,11.39490372,55.44903927,11.35523847,55.42755308
113570,9145,Kokkedal,2024-02-05T22:01:25.064Z,2024-02-05T22:01:25.064Z,9,12.47653681,55.8892127,12.53400158,55.9146526,12.50255333,55.89747401
75798,9146,Lystrup,2025-05-27T21:03:24.749Z,2025-05-27T21:03:24.749Z,8,10.21368901,56.21670117,10.25686959,56.24177906,10.24148488,56.23152343
71197,9147,Skelager,2023-03-24T22:28:38.837Z,2023-03-24T22:28:38.837Z,5,10.18249864,56.18838171,10.2086903,56.20086185,10.1918382,56.19685701
59018,9148,Tornbjerg,2024-09-16T21:03:44.637Z,2024-09-16T21:03:44.637Z,11,10.41322793,55.34751905,10.4767314,55.38615608,10.45998847,55.37184887
47099,9149,Houlkær,2024-11-19T22:02:50.382Z,2024-11-19T22:02:50.382Z,8,9.42695901,56.45610098,9.48634745,56.48461018,9.45046457,56.47076498
54513,9150,Langeslund,2023-03-24T22:28:38.837Z,2023-03-24T22:28:38.837Z,4,9.54514184,57.09533569,9.68338044,57.15448313,9.60084865,57.12604554
78148,9151,Enghøj,2023-03-24T22:28:38.837Z,2023-03-24T22:28:38.837Z,6,9.98038646,56.47407909,10.02684386,56.49951715,10.00894347,56.48481643
42211,9152,Fonnesbæk,2023-03-24T22:28:38.837Z,2023-03-24T22:28:38.837Z,4,9.10148379,56.09312496,9.1745602,56.13867237,9.1367779,56.12001954
5234,9153,Agerbæk,2023-03-24T22:28:38.837Z,2023-03-24T22:28:38.837Z,3,8.75278239,55.57928208,8.88432983,55.62904234,8.82423775,55.60852623
115089,9154,Grønnevang,2024-02-05T22:01:25.064Z,2024-02-05T22:01:25.064Z,4,12.3208057,55.89542662,12.3978835,55.94951209,12.3572992,55.9186211
114561,9155,Engholm,2023-03-24T22:28:38.837Z,2023-03-24T22:28:38.837Z,4,12.29578446,55.83777953,12.36389015,55.88637075,12.33610716,55.85742077
135348,9156,Agersted,2024-05-27T21:01:23.728Z,2024-05-27T21:01:23.728Z,4,10.34282048,57.17835837,10.42331789,57.23783374,10.38161811,57.19800436
80874,9157,Gistrup,2023-03-24T22:28:38.837Z,2023-03-24T22:28:38.837Z,4,9.95703992,56.97025605,10.01580093,57.00417585,9.9827128,56.9931613
135346,9158,Skæring,2023-03-24T22:28:38.837Z,2023-03-24T22:28:38.837Z,3,10.26814715,56.21617355,10.34432955,56.24714637,10.28993423,56.22880704
139605,9159,Stenvad,2023-03-24T22:28:38.837Z,2023-03-24T22:28:38.837Z,4,10.56137147,56.43078796,10.6794589,56.48813635,10.61449687,56.4603119
136544,9160,Antvorskov,2023-03-24T22:28:38.837Z,2023-03-24T22:28:38.837Z,7,11.29790861,55.37112061,11.48059868,55.41329311,11.37062972,55.38858126
141063,9161,Blågårdens,2023-03-24T22:28:38.837Z,2023-03-24T22:28:38.837Z,3,12.54092915,55.68429125,12.56369342,55.6948696,12.54952036,55.68861971
141128,9162,Holsted,2023-03-24T22:28:38.837Z,2023-03-24T22:28:38.837Z,7,11.74596207,55.22451104,11.82253748,55.27702278,11.78222047,55.25145494
372425,9163,Lyng,2023-03-24T22:28:38.837Z,2023-03-24T22:28:38.837Z,9,9.69446252,55.51767598,9.74297936,55.55193691,9.72843417,55.52464731
378594,9164,Fredens og Nazaret,2023-03-24T22:28:38.837Z,2023-03-24T22:28:38.837Z,3,12.56614544,55.69182738,12.57925544,55.70014731,12.5695352,55.69392816
381363,9165,Sydhavn,2026-03-25T22:26:27.701Z,2026-03-25T22:26:27.701Z,13,12.50077347,55.63080533,12.56652859,55.66511513,12.52586111,55.64428585
397070,9166,Skanderborg,2023-03-24T22:28:38.837Z,2023-03-24T22:28:38.837Z,6,9.83127323,56.01441407,9.9895311,56.08093462,9.90762375,56.03470644
399239,9167,Ørnhøj,2023-03-24T22:28:38.837Z,2023-03-24T22:28:38.837Z,3,8.46931443,56.14417266,8.62626038,56.24332123,8.52859728,56.21366265
403326,9168,Iglsø,2023-03-24T22:28:38.837Z,2023-03-24T22:28:38.837Z,7,9.02638152,56.459503,9.11482796,56.4945808,9.0850594,56.48363831
403328,9169,Simeon-Sankt Johannes,2023-03-24T22:28:38.837Z,2023-03-24T22:28:38.837Z,3,12.54866641,55.68678983,12.57723465,55.70665165,12.55995539,55.69285768
403327,9170,Ørre-Sinding,2023-03-24T22:28:38.837Z,2023-03-24T22:28:38.837Z,5,8.79755216,56.17975355,8.93934013,56.28412684,8.88573103,56.24292388
412363,9171,Ebeltoft-Dråby-Handrup,2023-03-24T22:28:38.837Z,2023-03-24T22:28:38.837Z,4,10.5726593,56.12949703,10.81733243,56.2621475,10.70361116,56.2312352
11046,9172,Hvide Sande,2023-03-24T22:28:38.837Z,2023-03-24T22:28:38.837Z,5,8.1079898,55.98735787,8.14440031,56.01332303,8.11613398,56.00862234
412364,9173,Falslev-Vindblæs,2023-06-23T21:06:37.280Z,2023-06-23T21:06:37.280Z,6,10.03942954,56.64546137,10.19786407,56.71355487,10.12898725,56.67736562
107334,9174,Vor Frue,2023-03-24T22:28:38.837Z,2023-03-24T22:28:38.837Z,3,12.55517709,55.6729935,12.57584239,55.69207347,12.5637073,55.67919237
107295,9175,Davids,2023-03-24T22:28:38.837Z,2023-03-24T22:28:38.837Z,3,12.57731001,55.70471668,12.58484528,55.70982009,12.5804177,55.70786942
412763,9176,Hjembæk-Svinninge,2023-03-24T22:28:38.837Z,2023-03-24T22:28:38.837Z,3,11.37161987,55.66189683,11.48940162,55.74142444,11.43994195,55.71786009
412764,9177,Butterup-Tuse,2023-03-24T22:28:38.837Z,2023-03-24T22:28:38.837Z,6,11.56491883,55.6723481,11.67472709,55.72932591,11.61891784,55.70664792
1239,9178,Tønder,2023-03-24T22:28:38.837Z,2023-03-24T22:28:38.837Z,3,8.83181873,54.91575551,8.9597116,54.9803866,8.86975798,54.9405252
412762,9179,Skamstrup-Frydendal,2023-03-24T22:28:38.837Z,2023-03-24T22:28:38.837Z,3,11.42663005,55.57441648,11.5562782,55.66031218,11.47981555,55.63174583
55090,9180,Kollerup-Fjerritslev,2023-03-24T22:28:38.837Z,2023-03-24T22:28:38.837Z,4,9.20015963,57.07328241,9.34480664,57.1451305,9.27533037,57.1123076
412760,9181,Frederiksberg,2023-04-27T21:03:45.930Z,2023-04-27T21:03:45.930Z,8,12.50472764,55.66575475,12.55045771,55.67923281,12.52835538,55.67268257
412761,9182,Bellahøj-Utterslev,2023-03-24T22:28:38.837Z,2023-03-24T22:28:38.837Z,5,12.48561624,55.6964017,12.52746455,55.7245211,12.5127892,55.70500747
284208,9183,Samsø,2018-04-30T15:23:13.528Z,2016-08-09T20:25:19.758Z,2,10.51206998,55.76203722,10.79650888,56.0028711,10.58611812,55.80308366
49612,9184,Arden,2023-03-24T22:28:38.837Z,2023-03-24T22:28:38.837Z,4,9.83728001,56.73972355,9.91396306,56.80358772,9.87680321,56.7851237
412759,9185,Vesterbro,2024-01-29T22:05:34.069Z,2024-01-29T22:05:34.069Z,10,12.52721263,55.64972527,12.5737033,55.67572823,12.54751361,55.66494963
294932,9186,Frederiksværk-Vinderød,2023-03-24T22:28:38.837Z,2023-03-24T22:28:38.837Z,2,11.9947528,55.95838506,12.06826668,56.02700481,12.027848,55.98514284
294581,9187,Romdrup-Klarup,2023-03-24T22:28:38.837Z,2023-03-24T22:28:38.837Z,4,10.01235963,56.98834521,10.09560329,57.04559238,10.05700639,57.02455669
308800,9188,Hvejsel,2023-03-24T22:28:38.837Z,2023-03-24T22:28:38.837Z,7,9.38376924,55.79115636,9.51048186,55.84736802,9.41838261,55.81949142
373686,9189,Stigs Bjergby-Mørkøv,2024-09-16T21:03:44.637Z,2024-09-16T21:03:44.637Z,3,11.43769702,55.64674404,11.57585951,55.69670286,11.5026494,55.67469155
374651,9190,Valby Søndre,2026-01-16T22:05:30.396Z,2026-01-16T22:05:30.396Z,11,12.48531368,55.6398663,12.53650256,55.66427262,12.51488896,55.65597115
373922,9191,Vive-Hadsund,2023-05-04T21:02:51.429Z,2023-05-04T21:02:51.429Z,4,9.98824558,56.69063328,10.14879287,56.74618661,10.07424132,56.72097209
374831,9192,Tuse Næs,2023-03-24T22:28:38.837Z,2023-03-24T22:28:38.837Z,2,11.6372816,55.71015744,11.77386766,55.79852063,11.70375225,55.75763274
377440,9193,Nimtofte-Tøstrup,2023-03-24T22:28:38.837Z,2023-03-24T22:28:38.837Z,3,10.49152505,56.37206382,10.70732644,56.4490289,10.64980606,56.39526566
376433,9194,Utterslev-Herredskirke-Løjtofte,2023-03-24T22:28:38.837Z,2023-03-24T22:28:38.837Z,3,11.12693664,54.85216927,11.24086067,54.96168626,11.1847493,54.94017714
377025,9195,Søllested-Skovlænge-Gurreby,2023-03-24T22:28:38.837Z,2023-03-24T22:28:38.837Z,2,11.20700079,54.78538193,11.35245804,54.84089426,11.27771042,54.81895074
377087,9196,Blåvandshuk,2023-03-24T22:28:38.837Z,2023-03-24T22:28:38.837Z,4,8.07068849,55.47534498,8.32993633,55.64187089,8.16607076,55.57972875
377042,9197,Øster Hassing-Gåser,2023-03-24T22:28:38.837Z,2023-03-24T22:28:38.837Z,4,10.13710143,56.99698044,10.26328033,57.11124111,10.19985016,57.05324044
714110,9198,Bedsted-Grurup,2023-03-24T22:28:38.837Z,2023-03-24T22:28:38.837Z,2,8.35200442,56.76843322,8.45583243,56.85529572,8.39930918,56.82067889
714963,9199,Estvad-Rønbjerg,2023-03-24T22:28:38.837Z,2023-03-24T22:28:38.837Z,3,8.84987583,56.48910972,9.00872782,56.56619441,8.92429234,56.52435199
413372,9201,Feldborg,2023-03-24T22:28:38.837Z,2023-03-24T22:28:38.837Z,3,8.87570372,56.28144987,8.99484331,56.35528723,8.93493074,56.33156813
412746,9202,Vinderup,2023-03-24T22:28:38.837Z,2023-03-24T22:28:38.837Z,6,8.74159641,56.44871113,8.80796648,56.50640226,8.7768499,56.47136253
412756,9203,Trandum,2024-01-23T22:04:07.687Z,2024-01-23T22:04:07.687Z,5,8.89899707,56.40745307,9.00268283,56.49674895,8.94717317,56.45759494
412757,9204,Herrup,2023-03-24T22:28:38.837Z,2023-03-24T22:28:38.837Z,5,8.84415024,56.37919966,8.97898021,56.44355824,8.92261223,56.40059475
413348,9206,Ellebæk,2023-03-24T22:28:38.837Z,2023-03-24T22:28:38.837Z,3,8.54189945,56.36102806,8.59778913,56.39521451,8.57590782,56.37444556
412751,9207,Hogager,2023-03-24T22:28:38.837Z,2023-03-24T22:28:38.837Z,3,8.81951975,56.34038336,8.91372452,56.40676544,8.87297366,56.371428
413370,9209,Fasterholt,2023-03-24T22:28:38.837Z,2023-03-24T22:28:38.837Z,7,9.04026674,55.98479992,9.13230716,56.03889705,9.09062377,56.00878649
413095,9210,Karstoft,2023-03-24T22:28:38.837Z,2023-03-24T22:28:38.837Z,3,8.86823528,55.88480587,8.99988426,55.95781161,8.94537705,55.92210199
413371,9211,Faurholt,2023-03-24T22:28:38.837Z,2023-03-24T22:28:38.837Z,3,9.07076832,56.14377571,9.19752114,56.20985517,9.12696752,56.18380609
413368,9212,Christianshede,2024-01-23T22:04:07.687Z,2024-01-23T22:04:07.687Z,5,9.24060765,56.08767602,9.42082717,56.14857418,9.37559939,56.1105468
413344,9213,Grathe,2024-01-23T22:04:07.687Z,2024-01-23T22:04:07.687Z,4,9.22207598,56.20487498,9.38361268,56.26803806,9.28756708,56.23180265
413184,9214,Bjerring,2023-03-24T22:28:38.837Z,2023-03-24T22:28:38.837Z,4,9.57030704,56.36106117,9.654107,56.40342513,9.62330845,56.38372596
413185,9215,Hjermind,2023-03-24T22:28:38.837Z,2023-03-24T22:28:38.837Z,5,9.63789004,56.37328162,9.71571308,56.4199875,9.68346293,56.39669469
412967,9216,Øster Hurup,2023-03-24T22:28:38.837Z,2023-03-24T22:28:38.837Z,4,10.18946334,56.76658365,10.29434461,56.86112841,10.24515219,56.80938855
412745,9217,Terndrup,2023-03-24T22:28:38.837Z,2023-03-24T22:28:38.837Z,4,10.03056117,56.79296546,10.09634674,56.83726702,10.05788564,56.80976745
412743,9220,Mylund,2023-03-24T22:28:38.837Z,2023-03-24T22:28:38.837Z,3,10.13691293,57.28274331,10.22398553,57.338737,10.1785777,57.30176601
412959,9221,Øster Hjermitslev,2023-03-24T22:28:38.837Z,2023-03-24T22:28:38.837Z,4,9.83493219,57.22172293,9.94159061,57.2997885,9.86638083,57.23989816
412750,9223,Melholt,2023-03-24T22:28:38.837Z,2023-03-24T22:28:38.837Z,4,10.30627277,57.06983273,10.40672721,57.13267738,10.36405181,57.10524
413369,9224,Dorf,2023-11-14T22:06:36.771Z,2023-11-14T22:06:36.771Z,4,10.2073388,57.18489865,10.36106787,57.23760451,10.29130296,57.2117627
413186,9225,Hou,2023-03-24T22:28:38.837Z,2023-03-24T22:28:38.837Z,5,10.31842709,57.03748476,10.38951645,57.08989109,10.35154098,57.05770994
412986,9226,Østervrå,2023-03-24T22:28:38.837Z,2023-03-24T22:28:38.837Z,3,10.1816917,57.31155745,10.27735792,57.38541355,10.2301508,57.34104345
412982,9228,Hulsig,2023-03-24T22:28:38.837Z,2023-03-24T22:28:38.837Z,4,10.34349516,57.63864742,10.51506095,57.70511189,10.44092475,57.66235664
412838,9229,Sørig,2023-03-24T22:28:38.837Z,2023-03-24T22:28:38.837Z,3,10.24669642,57.53781253,10.33749816,57.61239571,10.2877352,57.57150525
412998,9230,Jerup,2023-03-24T22:28:38.837Z,2023-03-24T22:28:38.837Z,5,10.34678623,57.49875798,10.4777813,57.57214751,10.40014644,57.532965
412997,9231,Kvissel,2023-03-24T22:28:38.837Z,2023-03-24T22:28:38.837Z,3,10.36058311,57.44998532,10.45184996,57.48039059,10.39478464,57.46307492
413326,9232,Gudumholm,2023-03-24T22:28:38.837Z,2023-03-24T22:28:38.837Z,3,10.04778493,56.92240169,10.15874594,56.97611062,10.10024496,56.94720091
412962,9234,Koldmose,2023-03-24T22:28:38.837Z,2023-03-24T22:28:38.837Z,5,9.44238261,57.13413887,9.61235367,57.20317431,9.50240739,57.17949241
412963,9235,Stenbjerg,2023-03-24T22:28:38.837Z,2023-03-24T22:28:38.837Z,3,8.31082288,56.89155743,8.41019176,56.93807223,8.35090353,56.91292672
412741,9236,Agerø,2018-04-30T15:23:13.528Z,2015-06-18T19:50:06.959Z,2,8.54053331,56.69995047,8.59253475,56.72319377,8.57100058,56.71273152
412748,9237,Rørdal,2023-03-24T22:28:38.837Z,2023-03-24T22:28:38.837Z,4,9.96335917,57.04138663,10.02864659,57.07945047,9.99542773,57.06417354
412837,9238,Sørup,2023-03-24T22:28:38.837Z,2023-03-24T22:28:38.837Z,4,9.74401383,56.86998581,9.82056914,56.90467522,9.77568492,56.88709735
413000,9239,Hareskov,2023-03-24T22:28:38.837Z,2023-03-24T22:28:38.837Z,6,12.36786675,55.75221267,12.41814704,55.7758982,12.39056362,55.76485231
413328,9240,Gurre,2023-03-24T22:28:38.837Z,2023-03-24T22:28:38.837Z,7,12.45598348,56.00083229,12.56679037,56.04847307,12.52827402,56.02330099
413327,9241,Gadevang,2023-03-24T22:28:38.837Z,2023-03-24T22:28:38.837Z,5,12.24607746,55.94664135,12.31861718,55.99718442,12.29392765,55.97321814
412747,9242,Skoven,2023-03-24T22:28:38.837Z,2023-03-24T22:28:38.837Z,4,11.8862267,55.86444705,12.03477555,55.93828464,11.94256994,55.91501863
412966,9243,Villingerød,2023-03-24T22:28:38.837Z,2023-03-24T22:28:38.837Z,3,12.36792799,56.06129248,12.41754824,56.10357509,12.39635598,56.08977815
412740,9244,Reersø,2023-03-24T22:28:38.837Z,2023-03-24T22:28:38.837Z,3,11.07305479,55.47281952,11.14420431,55.53931064,11.1003182,55.5203594
413364,9246,Lumsås,2023-04-26T21:03:27.089Z,2023-04-26T21:03:27.089Z,5,11.45915127,55.91072721,11.60752698,55.96449655,11.54327976,55.93739499
412742,9247,Svinø,2018-04-30T15:23:13.528Z,2015-06-18T19:50:06.959Z,2,11.71618923,55.07400818,11.80350002,55.12883992,11.75446869,55.10590933
412753,9248,Langø,2023-03-24T22:28:38.837Z,2023-03-24T22:28:38.837Z,3,10.9525385,54.78078762,11.07226648,54.83733091,11.0264329,54.79998938
413329,9249,Gedser,2018-04-30T15:23:13.528Z,2015-06-18T19:50:06.959Z,2,11.82559163,54.55898787,11.97629309,54.60355826,11.95867686,54.57335371
413076,9251,Paddesø,2024-05-28T21:01:26.357Z,2024-05-28T21:01:26.357Z,5,10.05227992,55.41007651,10.16896009,55.46362333,10.11063375,55.43292332
412969,9252,Stige,2023-07-06T21:01:47.079Z,2023-07-06T21:01:47.079Z,8,10.36943985,55.42012694,10.42954794,55.45975311,10.40872135,55.44248375
413365,9253,Ravnebjerg,2024-01-19T22:03:58.050Z,2024-01-19T22:03:58.050Z,4,10.20940141,55.36048039,10.29999154,55.38627982,10.24928594,55.37408744
413350,9254,Bagenkop,2023-03-24T22:28:38.837Z,2023-03-24T22:28:38.837Z,3,10.66549317,54.72134832,10.73404133,54.76387932,10.69719708,54.735228
412754,9255,Røjleskov,2023-03-24T22:28:38.837Z,2023-03-24T22:28:38.837Z,4,9.78808567,55.52897356,9.85252176,55.55510689,9.81336177,55.54180806
412765,9256,Tårup,2023-03-24T22:28:38.837Z,2023-03-24T22:28:38.837Z,3,10.7340573,55.21079553,10.81678596,55.26425895,10.78217999,55.23663015
413099,9257,Hjulby,2023-03-24T22:28:38.837Z,2023-03-24T22:28:38.837Z,3,10.72413709,55.33067385,10.76200966,55.34761589,10.73996009,55.33614744
412758,9258,Lundeborg,2023-03-24T22:28:38.837Z,2023-03-24T22:28:38.837Z,4,10.73812003,55.11936441,10.78825672,55.15423626,10.76397276,55.13543129
413183,9260,Genner,2023-03-24T22:28:38.837Z,2023-03-24T22:28:38.837Z,3,9.40844456,55.10623433,9.47458249,55.15076,9.4376831,55.12653431
413363,9262,Klejs,2023-03-24T22:28:38.837Z,2023-03-24T22:28:38.837Z,3,9.90187738,55.72041401,9.98101076,55.75956502,9.94708981,55.73914713
412996,9264,Stenderup,2023-03-24T22:28:38.837Z,2023-03-24T22:28:38.837Z,4,8.83575608,55.43116546,8.90167195,55.47501301,8.87136531,55.45565971
412994,9265,Urup,2023-03-24T22:28:38.837Z,2023-03-24T22:28:38.837Z,5,8.74709274,55.73894037,8.84133938,55.81510439,8.79464547,55.77923738
412995,9266,Nollund,2023-03-24T22:28:38.837Z,2023-03-24T22:28:38.837Z,5,8.80605464,55.76683339,8.91581841,55.81995927,8.86799513,55.78819174
412755,9267,Vesterhede,2023-03-24T22:28:38.837Z,2023-03-24T22:28:38.837Z,4,8.87678157,55.64394167,8.9691172,55.72243303,8.92634801,55.68363917
412999,9269,Hovborg,2023-03-24T22:28:38.837Z,2023-03-24T22:28:38.837Z,3,8.87577188,55.55426511,8.99823044,55.62796338,8.94019853,55.59345836
412749,9270,Skjoldbjerg,2023-03-24T22:28:38.837Z,2023-03-24T22:28:38.837Z,3,9.063585,55.65354298,9.16856275,55.7042965,9.09887883,55.68059693
413366,9273,Rousthøje,2023-03-24T22:28:38.837Z,2023-03-24T22:28:38.837Z,4,8.54598219,55.55176546,8.63600855,55.6067603,8.58311655,55.5857836
413096,9275,Væggerskilde,2024-11-08T22:02:16.233Z,2024-11-08T22:02:16.233Z,7,8.53111914,56.07942262,8.63296151,56.15099895,8.57652786,56.12766719
413373,9276,Finderup,2023-03-24T22:28:38.837Z,2023-03-24T22:28:38.837Z,4,8.45971788,56.03004967,8.56077856,56.08030511,8.51653912,56.06193149
413374,9277,Fjelstervang,2023-03-24T22:28:38.837Z,2023-03-24T22:28:38.837Z,4,8.75702635,56.04933537,8.8644684,56.1019678,8.7977335,56.07967756
412958,9278,Haurvig,2023-03-24T22:28:38.837Z,2023-03-24T22:28:38.837Z,4,8.12650343,55.8152056,8.19788924,55.98920968,8.17402095,55.86176421
412957,9279,Lyngvig,2023-03-24T22:28:38.837Z,2023-03-24T22:28:38.837Z,4,8.09657039,56.01134674,8.15124629,56.10593132,8.12023249,56.09589511
413343,9280,Lem,2024-05-27T21:01:23.728Z,2024-05-27T21:01:23.728Z,5,8.34437524,56.01700183,8.46621395,56.04894007,8.38245969,56.03094431
413367,9281,Skærlund,2025-05-28T21:01:54.619Z,2025-05-28T21:01:54.619Z,6,8.96552437,55.86690402,9.09746577,55.91529417,9.03988858,55.89560644
413378,9282,Uhre,2023-03-24T22:28:38.837Z,2023-03-24T22:28:38.837Z,3,8.99706937,55.90932712,9.09069755,55.97179897,9.03586099,55.9356015
412961,9283,Farre,2023-03-24T22:28:38.837Z,2023-03-24T22:28:38.837Z,3,9.20113367,55.78589438,9.29317184,55.82930834,9.26692566,55.81093003
412960,9284,Vorslunde,2023-03-24T22:28:38.837Z,2023-03-24T22:28:38.837Z,3,9.06995319,55.83887738,9.16693734,55.87722181,9.10383492,55.85811431
413075,9285,Langelund,2023-03-24T22:28:38.837Z,2023-03-24T22:28:38.837Z,3,9.05477234,55.76647761,9.17638124,55.84494566,9.10603834,55.8185117
412839,9286,Vonge,2023-03-24T22:28:38.837Z,2023-03-24T22:28:38.837Z,3,9.36617973,55.83184198,9.4608869,55.91994109,9.42326035,55.86471081
413189,9288,Gludsted,2023-03-24T22:28:38.837Z,2023-03-24T22:28:38.837Z,4,9.2221377,56.00227343,9.35141213,56.07636236,9.30251892,56.03996757
413187,9289,Hampen,2023-03-24T22:28:38.837Z,2023-03-24T22:28:38.837Z,6,9.30845889,55.98061466,9.43611354,56.03002366,9.35146805,56.00936423
6612,9291,Ål,2023-03-24T22:28:38.837Z,2023-03-24T22:28:38.837Z,5,8.12223456,55.57983864,8.33233335,55.71293325,8.2623491,55.64236886
412614,9292,Vipperød,2024-11-11T22:06:14.416Z,2024-11-11T22:06:14.416Z,8,11.67282353,55.62064248,11.81558276,55.7353019,11.72929017,55.67315493
220458,9293,Kerteminde-Drigstrup,2023-03-24T22:28:38.837Z,2023-03-24T22:28:38.837Z,4,10.56831075,55.44134628,10.67536786,55.48687147,10.6241137,55.4622361
718508,9310,Høsterkøb,2023-03-24T22:28:38.837Z,2023-03-24T22:28:38.837Z,5,12.44520509,55.84121942,12.54284045,55.87868979,12.48016726,55.86453986
718511,9311,Birkerød,2023-03-24T22:28:38.837Z,2023-03-24T22:28:38.837Z,4,12.39600383,55.81795233,12.49305834,55.86815387,12.4334047,55.84963306
723720,9312,Viskinge-Avnsø,2023-03-24T22:28:38.837Z,2023-03-24T22:28:38.837Z,2,11.210015,55.62355503,11.3606414,55.69072415,11.28021429,55.6631477
744761,9313,Fanø,2019-08-07T21:10:32.173Z,2019-08-07T21:10:32.173Z,1,8.32757711,55.3380498,8.53502645,55.47482216,8.42104862,55.40607728
747830,9314,Lomborg-Rom,2023-03-24T22:28:38.837Z,2023-03-24T22:28:38.837Z,4,8.21309264,56.45237418,8.40288735,56.54390389,8.27794459,56.50044353
747700,9315,Bregninge-Bjergsted-Alleshave,2023-03-24T22:28:38.837Z,2023-03-24T22:28:38.837Z,2,11.15835437,55.63871868,11.39569647,55.74870184,11.28658743,55.70600596
747709,9316,Hadsten,2024-01-23T22:04:07.687Z,2024-01-23T22:04:07.687Z,5,10.00663207,56.2958499,10.09766717,56.39126455,10.05268998,56.34209404
747703,9317,Idom-Råsted,2023-03-24T22:28:38.837Z,2023-03-24T22:28:38.837Z,2,8.38470747,56.28189067,8.60048623,56.3678842,8.47464136,56.32566331
747706,9318,Nordvestfalster,2024-10-22T21:04:04.354Z,2024-10-22T21:04:04.354Z,4,11.68788007,54.82573416,11.88339758,54.97465525,11.80119989,54.9100295
748012,9319,Nysted-Vantore,2026-03-27T22:17:36.249Z,2026-03-27T22:17:36.249Z,4,11.69703474,54.63866881,11.85313402,54.68980973,11.78681088,54.66476427
748010,9320,Helligsø-Gettrup,2023-03-24T22:28:38.837Z,2023-03-24T22:28:38.837Z,2,8.30839371,56.67411271,8.38648794,56.74111394,8.35093451,56.72001166
748008,9321,Købelev-Vindeby,2023-03-24T22:28:38.837Z,2023-03-24T22:28:38.837Z,2,11.05222276,54.88235148,11.17638409,54.953569,11.10488367,54.91250369
748006,9322,Haraldsted-Allindemagle,2024-05-21T21:01:23.492Z,2024-05-21T21:01:23.492Z,3,11.67793192,55.47412177,11.84817273,55.55251826,11.76882753,55.50700072
748004,9323,Føllenslev-Særslev,2023-03-24T22:28:38.837Z,2023-03-24T22:28:38.837Z,3,11.24832002,55.68331808,11.41688037,55.79668829,11.34184866,55.73701317
748002,9324,Fuglebjerg-Tystrup-Haldagerlille,2023-03-24T22:28:38.837Z,2023-03-24T22:28:38.837Z,2,11.48625765,55.2886369,11.60365526,55.37449147,11.55110763,55.34766893
748290,9325,Undløse-Søndersted,2023-03-24T22:28:38.837Z,2023-03-24T22:28:38.837Z,2,11.46906186,55.57081466,11.64775974,55.64646071,11.58039435,55.60687018
748292,9326,Brøndum-Hvidbjerg,2023-03-24T22:28:38.837Z,2023-03-24T22:28:38.837Z,3,8.87762823,56.55069163,8.97025895,56.62169523,8.91813036,56.56915294
748294,9327,Lyngby-Albøge,2023-03-24T22:28:38.837Z,2023-03-24T22:28:38.837Z,2,10.63327938,56.32284839,10.81472828,56.40511818,10.7314294,56.3660335
748312,9328,Øster Assels-Blidstrup,2023-03-24T22:28:38.837Z,2023-03-24T22:28:38.837Z,2,8.62428078,56.66864913,8.77652792,56.72986361,8.6985467,56.69371107
748314,9329,Jebjerg-Lyby,2023-03-24T22:28:38.837Z,2023-03-24T22:28:38.837Z,2,8.97293349,56.61053178,9.05904156,56.69364292,9.0149806,56.67258619
748310,9330,Krumsø,2026-03-16T22:12:36.373Z,2026-03-16T22:12:36.373Z,3,11.55211661,54.65124031,11.65377995,54.74307734,11.6079089,54.68681264
748410,9331,Errindlev-Olstrup-Tågerup,2023-03-24T22:28:38.837Z,2023-03-24T22:28:38.837Z,3,11.39392202,54.59189872,11.60691264,54.70372018,11.4588444,54.65271459
748498,9332,Slemminge-Fjelde,2023-03-24T22:28:38.837Z,2023-03-24T22:28:38.837Z,2,11.58041387,54.7192984,11.69108419,54.78240275,11.622301,54.75830364
748500,9333,Timring-Tiphede,2023-03-24T22:28:38.837Z,2023-03-24T22:28:38.837Z,2,8.61581777,56.12467273,8.82012658,56.21388351,8.68971769,56.17000157
748502,9334,Asminderød-Grønholt,2024-02-05T22:01:25.064Z,2024-02-05T22:01:25.064Z,3,12.34476401,55.92983888,12.49942774,56.0153342,12.42150504,55.96586667
748550,9335,Hjerm,2024-09-19T21:01:27.022Z,2024-09-19T21:01:27.022Z,2,8.60843813,56.39876435,8.71294526,56.4760506,8.65124506,56.42637385
748552,9336,Kettinge-Bregninge,2026-03-16T22:12:36.373Z,2026-03-16T22:12:36.373Z,2,11.70506189,54.67646788,11.86295014,54.72324905,11.76366307,54.69840755
748554,9337,Skejby-Lisbjerg,2024-10-22T21:04:04.354Z,2024-10-22T21:04:04.354Z,3,10.13486844,56.18570672,10.21753812,56.24117996,10.16394174,56.21904186
748556,9338,Kolind-Ebdrup-Skarresø,2024-09-19T21:01:27.022Z,2024-09-19T21:01:27.022Z,2,10.4388016,56.31249036,10.62765567,56.38067725,10.55027687,56.352065
749053,9339,Rødby,2024-12-01T22:06:02.633Z,2024-12-01T22:06:02.633Z,1,11.27829461,54.66684769,11.44110882,54.7490299,11.38460627,54.69655471
749029,9340,Radsted-Tårs,2024-12-01T22:06:02.633Z,2024-12-01T22:06:02.633Z,1,11.60654094,54.7563387,11.76727031,54.86962539,11.7069949,54.79665382
749031,9341,Våbensted-Engestofte,2026-03-16T22:12:36.373Z,2026-03-16T22:12:36.373Z,2,11.52898862,54.73834187,11.62503125,54.82962323,11.58435067,54.79989003
749027,9342,Lemvig,2024-12-01T22:06:02.633Z,2024-12-01T22:06:02.633Z,1,8.26392339,56.5316083,8.32313693,56.57096487,8.28408844,56.54880964
749043,9343,Horslunde,2026-03-16T22:12:36.373Z,2026-03-16T22:12:36.373Z,2,11.19455007,54.85911839,11.32233985,54.9789836,11.26759741,54.9314881
749045,9344,Glumsø-Bavelse-Næsby,2024-12-01T22:06:02.633Z,2024-12-01T22:06:02.633Z,1,11.55763299,55.32321673,11.72960977,55.39111184,11.64804376,55.35754551
749163,9345,Islands Brygges,2024-12-01T22:06:02.633Z,2024-12-01T22:06:02.633Z,1,12.55185506,55.63996638,12.59475999,55.67074575,12.57302947,55.64872406
749263,9347,Hvidbjerg-Lyngs,2025-01-21T22:07:18.840Z,2025-01-21T22:07:18.840Z,2,8.40371096,56.61816133,8.59799479,56.69332196,8.52594998,56.64848011
749041,9348,Gjern-Skannerup,2024-12-01T22:06:02.633Z,2024-12-01T22:06:02.633Z,1,9.66844561,56.19017199,9.79212402,56.26465756,9.70417948,56.22879251
749162,9349,Sankt Nicolai,2024-12-01T22:06:02.633Z,2024-12-01T22:06:02.633Z,1,9.47993544,55.69600121,9.56278748,55.71348862,9.53181096,55.70590778
749161,9350,Vejle Søndre,2024-12-01T22:06:02.633Z,2024-12-01T22:06:02.633Z,1,9.49279908,55.66598123,9.55348724,55.70236714,9.52908215,55.68850089
749039,9351,Gørlev-Bakkendrup,2024-12-01T22:06:02.633Z,2024-12-01T22:06:02.633Z,1,11.16631469,55.49919781,11.2739594,55.57265585,11.23357356,55.54677547
749164,9352,Ørestad,2026-04-01T21:01:43.855Z,2026-04-01T21:01:43.855Z,5,12.50464014,55.61069734,12.58615328,55.64369052,12.56010107,55.62771642
749049,9353,Tersløse-Skellebjerg-Niløse,2024-12-01T22:06:02.633Z,2024-12-01T22:06:02.633Z,1,11.39783595,55.49349938,11.54474402,55.59091738,11.48385458,55.53216967
749055,9354,Fursund,2024-12-01T22:06:02.633Z,2024-12-01T22:06:02.633Z,1,8.93583758,56.72428501,9.13896568,56.80829383,9.06265875,56.76083785
749033,9355,Højbjerg-Elsborg,2024-12-03T22:03:11.993Z,2024-12-01T22:06:02.633Z,1,9.46032308,56.30804961,9.6072465,56.35732405,9.51289665,56.33273085
749047,9356,Durup-Tøndering-Nautrup,2024-12-01T22:06:02.633Z,2024-12-01T22:06:02.633Z,1,8.87307254,56.71135071,9.0218251,56.76708303,8.94007759,56.742202
749037,9357,Torkilstrup-Lillebrænde,2026-03-16T22:12:36.373Z,2026-03-16T22:12:36.373Z,2,11.88933944,54.84055193,12.01178686,54.90731188,11.95088187,54.87378336
749035,9358,Gråsten-Adsbøl,2024-12-01T22:06:02.633Z,2024-12-01T22:06:02.633Z,1,9.55691274,54.90673243,9.64033241,54.97120204,9.59300112,54.93891018
749217,9359,Søndbjerg-Odby,2025-01-01T22:02:15.652Z,2025-01-01T22:02:15.652Z,1,8.49720314,56.57689839,8.59767854,56.64138428,8.56692064,56.61457274
749438,9360,Skellerup-Ellinge,2026-01-01T22:02:26.282Z,2026-01-01T22:02:26.282Z,1,10.60114788,55.29271722,10.71817728,55.35318023,10.64982512,55.32495392
749444,9361,Fuglse-Krønge-Torslunde,2026-01-01T22:02:26.282Z,2026-01-01T22:02:26.282Z,1,11.46976177,54.67323902,11.57990978,54.76056919,11.52987612,54.71057595
749440,9362,Hjerk-Harre,2026-01-01T22:02:26.282Z,2026-01-01T22:02:26.282Z,1,8.86700316,56.66314079,8.98520007,56.73021523,8.93714401,56.68770973
749442,9363,Holsted-Sankt Peders,2026-01-01T22:02:26.282Z,2026-01-01T22:02:26.282Z,1,8.85686243,55.46218517,8.97012636,55.56906854,8.91422274,55.52684976
